CREATE DATABASE  IF NOT EXISTS `luanvan` /*!40100 DEFAULT CHARACTER SET utf8mb3 */ /*!80016 DEFAULT ENCRYPTION='N' */;
USE `luanvan`;
-- MySQL dump 10.13  Distrib 8.0.33, for Win64 (x86_64)
--
-- Host: 127.0.0.1    Database: luanvan
-- ------------------------------------------------------
-- Server version	8.0.33

/*!40101 SET @OLD_CHARACTER_SET_CLIENT=@@CHARACTER_SET_CLIENT */;
/*!40101 SET @OLD_CHARACTER_SET_RESULTS=@@CHARACTER_SET_RESULTS */;
/*!40101 SET @OLD_COLLATION_CONNECTION=@@COLLATION_CONNECTION */;
/*!50503 SET NAMES utf8 */;
/*!40103 SET @OLD_TIME_ZONE=@@TIME_ZONE */;
/*!40103 SET TIME_ZONE='+00:00' */;
/*!40014 SET @OLD_UNIQUE_CHECKS=@@UNIQUE_CHECKS, UNIQUE_CHECKS=0 */;
/*!40014 SET @OLD_FOREIGN_KEY_CHECKS=@@FOREIGN_KEY_CHECKS, FOREIGN_KEY_CHECKS=0 */;
/*!40101 SET @OLD_SQL_MODE=@@SQL_MODE, SQL_MODE='NO_AUTO_VALUE_ON_ZERO' */;
/*!40111 SET @OLD_SQL_NOTES=@@SQL_NOTES, SQL_NOTES=0 */;

--
-- Table structure for table `chatlieu`
--

DROP TABLE IF EXISTS `chatlieu`;
/*!40101 SET @saved_cs_client     = @@character_set_client */;
/*!50503 SET character_set_client = utf8mb4 */;
CREATE TABLE `chatlieu` (
  `idchatlieu` int NOT NULL,
  `loaichatlieu` varchar(45) DEFAULT NULL,
  PRIMARY KEY (`idchatlieu`)
) ENGINE=InnoDB DEFAULT CHARSET=utf8mb3;
/*!40101 SET character_set_client = @saved_cs_client */;

--
-- Dumping data for table `chatlieu`
--

LOCK TABLES `chatlieu` WRITE;
/*!40000 ALTER TABLE `chatlieu` DISABLE KEYS */;
INSERT INTO `chatlieu` VALUES (1,'Kính Sapphire'),(2,'Kính Khoáng'),(3,'Kính Hardlex'),(4,'Kính Nhựa');
/*!40000 ALTER TABLE `chatlieu` ENABLE KEYS */;
UNLOCK TABLES;

--
-- Table structure for table `chitietdonhang`
--

DROP TABLE IF EXISTS `chitietdonhang`;
/*!40101 SET @saved_cs_client     = @@character_set_client */;
/*!50503 SET character_set_client = utf8mb4 */;
CREATE TABLE `chitietdonhang` (
  `idsanpham` int NOT NULL,
  `iddonhang` int NOT NULL,
  `chitietdonhangsoluong` int DEFAULT NULL,
  PRIMARY KEY (`idsanpham`,`iddonhang`),
  KEY `fk_chitietdonhang_donhang` (`iddonhang`),
  CONSTRAINT `fk_chitietdonhang_donhang` FOREIGN KEY (`iddonhang`) REFERENCES `donhang` (`iddonhang`),
  CONSTRAINT `fk_chitietsp` FOREIGN KEY (`idsanpham`) REFERENCES `sanpham` (`idsanpham`)
) ENGINE=InnoDB DEFAULT CHARSET=utf8mb3;
/*!40101 SET character_set_client = @saved_cs_client */;

--
-- Dumping data for table `chitietdonhang`
--

LOCK TABLES `chitietdonhang` WRITE;
/*!40000 ALTER TABLE `chitietdonhang` DISABLE KEYS */;
INSERT INTO `chitietdonhang` VALUES (1,24,2),(1,25,3),(1,26,1),(1,29,2),(1,31,1),(1,32,1),(1,34,1),(1,35,1),(1,37,3),(1,38,1),(1,40,3),(2,26,1),(2,28,3),(2,33,1),(2,37,2),(3,26,1),(16,29,1),(16,39,5),(17,29,1),(83,27,2),(87,29,1),(549,36,2),(549,39,1);
/*!40000 ALTER TABLE `chitietdonhang` ENABLE KEYS */;
UNLOCK TABLES;

--
-- Table structure for table `chitietgiohang`
--

DROP TABLE IF EXISTS `chitietgiohang`;
/*!40101 SET @saved_cs_client     = @@character_set_client */;
/*!50503 SET character_set_client = utf8mb4 */;
CREATE TABLE `chitietgiohang` (
  `idchitietgiohang` int NOT NULL AUTO_INCREMENT,
  `chitietgiohangsoluong` int DEFAULT NULL,
  `idgiohang` int DEFAULT NULL,
  `idsanpham` int DEFAULT NULL,
  PRIMARY KEY (`idchitietgiohang`),
  KEY `fk_ctgh` (`idgiohang`),
  KEY `fk_ctghsp_idx` (`idsanpham`),
  CONSTRAINT `fk_ctgh` FOREIGN KEY (`idgiohang`) REFERENCES `giohang` (`idgiohang`),
  CONSTRAINT `fk_ctghsp` FOREIGN KEY (`idsanpham`) REFERENCES `sanpham` (`idsanpham`)
) ENGINE=InnoDB AUTO_INCREMENT=45 DEFAULT CHARSET=utf8mb3;
/*!40101 SET character_set_client = @saved_cs_client */;

--
-- Dumping data for table `chitietgiohang`
--

LOCK TABLES `chitietgiohang` WRITE;
/*!40000 ALTER TABLE `chitietgiohang` DISABLE KEYS */;
/*!40000 ALTER TABLE `chitietgiohang` ENABLE KEYS */;
UNLOCK TABLES;

--
-- Table structure for table `chitietphieunhap`
--

DROP TABLE IF EXISTS `chitietphieunhap`;
/*!40101 SET @saved_cs_client     = @@character_set_client */;
/*!50503 SET character_set_client = utf8mb4 */;
CREATE TABLE `chitietphieunhap` (
  `idsanpham` int NOT NULL,
  `idphieunhap` int NOT NULL,
  `chitietphieunhapsoluong` int DEFAULT NULL,
  `chitietphieunhapgianhap` float DEFAULT NULL,
  PRIMARY KEY (`idsanpham`,`idphieunhap`),
  KEY `fk_pn_idx` (`idphieunhap`),
  CONSTRAINT `fk_pn` FOREIGN KEY (`idphieunhap`) REFERENCES `phieunhap` (`idphieunhap`),
  CONSTRAINT `fk_pnsp` FOREIGN KEY (`idsanpham`) REFERENCES `sanpham` (`idsanpham`)
) ENGINE=InnoDB DEFAULT CHARSET=utf8mb3;
/*!40101 SET character_set_client = @saved_cs_client */;

--
-- Dumping data for table `chitietphieunhap`
--

LOCK TABLES `chitietphieunhap` WRITE;
/*!40000 ALTER TABLE `chitietphieunhap` DISABLE KEYS */;
/*!40000 ALTER TABLE `chitietphieunhap` ENABLE KEYS */;
UNLOCK TABLES;

--
-- Table structure for table `danhgia`
--

DROP TABLE IF EXISTS `danhgia`;
/*!40101 SET @saved_cs_client     = @@character_set_client */;
/*!50503 SET character_set_client = utf8mb4 */;
CREATE TABLE `danhgia` (
  `iddanhgia` int NOT NULL AUTO_INCREMENT,
  `idsanpham` int DEFAULT NULL,
  `idtaikhoan` int DEFAULT NULL,
  `sao` float DEFAULT NULL,
  `noidung` longtext,
  `ngaydanhgia` timestamp NULL DEFAULT NULL,
  PRIMARY KEY (`iddanhgia`)
) ENGINE=InnoDB AUTO_INCREMENT=5 DEFAULT CHARSET=utf8mb3;
/*!40101 SET character_set_client = @saved_cs_client */;

--
-- Dumping data for table `danhgia`
--

LOCK TABLES `danhgia` WRITE;
/*!40000 ALTER TABLE `danhgia` DISABLE KEYS */;
INSERT INTO `danhgia` VALUES (1,1,15,4,'GoodJobbb','2024-05-02 05:02:22'),(2,1,12,4,'it is very good','2024-05-02 06:06:58'),(3,549,12,5,'So Beatiful !!!','2024-05-08 09:01:45'),(4,1,12,5,'Very Good!','2024-05-08 12:10:06');
/*!40000 ALTER TABLE `danhgia` ENABLE KEYS */;
UNLOCK TABLES;

--
-- Table structure for table `diachi`
--

DROP TABLE IF EXISTS `diachi`;
/*!40101 SET @saved_cs_client     = @@character_set_client */;
/*!50503 SET character_set_client = utf8mb4 */;
CREATE TABLE `diachi` (
  `iddiachi` int NOT NULL,
  `diachikhachhang` varchar(255) DEFAULT NULL,
  `idkhachhang` int DEFAULT NULL,
  PRIMARY KEY (`iddiachi`),
  KEY `fk_diachikh_idx` (`idkhachhang`),
  CONSTRAINT `fk_diachikh` FOREIGN KEY (`idkhachhang`) REFERENCES `khachhang` (`idkhachhang`)
) ENGINE=InnoDB DEFAULT CHARSET=utf8mb3;
/*!40101 SET character_set_client = @saved_cs_client */;

--
-- Dumping data for table `diachi`
--

LOCK TABLES `diachi` WRITE;
/*!40000 ALTER TABLE `diachi` DISABLE KEYS */;
/*!40000 ALTER TABLE `diachi` ENABLE KEYS */;
UNLOCK TABLES;

--
-- Table structure for table `donhang`
--

DROP TABLE IF EXISTS `donhang`;
/*!40101 SET @saved_cs_client     = @@character_set_client */;
/*!50503 SET character_set_client = utf8mb4 */;
CREATE TABLE `donhang` (
  `iddonhang` int NOT NULL AUTO_INCREMENT,
  `maDH` varchar(9) DEFAULT NULL,
  `tennguoidat` varchar(255) DEFAULT NULL,
  `idkhachhang` int DEFAULT NULL,
  `sdt` varchar(10) DEFAULT NULL,
  `donhangngaylap` timestamp NULL DEFAULT NULL,
  `donhangdiachigiaohang` varchar(255) DEFAULT NULL,
  `donhangghichu` varchar(255) DEFAULT NULL,
  `donhangtonggia` float DEFAULT NULL,
  `donhangtrangthai` int DEFAULT NULL,
  `idphuongthucthanhtoan` int DEFAULT NULL,
  PRIMARY KEY (`iddonhang`),
  KEY `fk_dhtt_idx` (`idphuongthucthanhtoan`),
  KEY `fk_trangthai_idx` (`donhangtrangthai`) /*!80000 INVISIBLE */,
  KEY `fk_khachhang_idx` (`idkhachhang`),
  CONSTRAINT `fk_dhtt` FOREIGN KEY (`idphuongthucthanhtoan`) REFERENCES `phuongthucthanhtoan` (`idphuongthucthanhtoan`),
  CONSTRAINT `fk_khachhang` FOREIGN KEY (`idkhachhang`) REFERENCES `khachhang` (`idkhachhang`),
  CONSTRAINT `fk_trangthai` FOREIGN KEY (`donhangtrangthai`) REFERENCES `trangthai` (`idtrangthai`)
) ENGINE=InnoDB AUTO_INCREMENT=41 DEFAULT CHARSET=utf8mb3;
/*!40101 SET character_set_client = @saved_cs_client */;

--
-- Dumping data for table `donhang`
--

LOCK TABLES `donhang` WRITE;
/*!40000 ALTER TABLE `donhang` DISABLE KEYS */;
INSERT INTO `donhang` VALUES (24,'#H49ba83c','Nguyễn Thành Phú',15,'0372898163','2024-03-15 03:43:18','An Giang District','Quên thôi',90,4,2),(25,'#H5c965e5','Nguyễn Thành Phú',16,'0372898163','2024-04-15 06:06:53','An Hoa, Chau Thanh, An Giang','Note',135,4,1),(26,'#H89098f1','Nguyễn Thành Phú',15,'0916700605','2024-04-15 08:10:18','An Hoa, An Giang','1',148,4,1),(27,'#H321a056','Ngọc Hân',16,'0376470797','2024-04-16 08:55:31','TP.HCM','1',400,4,2),(28,'#H8214725','Nguyễn Thànhh Phú',15,'0372898163','2024-04-20 19:48:40','An Giang, An Hoa','test',204,4,2),(29,'#Hf165749','Nguyễn Thành Phú',15,'0372898163','2024-04-21 01:54:52','An Giang','khong co',417,4,2),(31,'#H488e061','Nguyễn Thành Phú',15,'0916700605','2024-04-27 03:22:18','Angiang','undefined',45,4,1),(32,'#H83133fb','Nguyễn Thành Phú',15,'0916700605','2024-04-27 03:25:17','An Giang','undefined',45,2,1),(33,'#Hecd28e8','Nguyễn Thành Phú',15,'0372898163','2024-04-27 03:28:15','An Giang ','undefined',68,4,1),(34,'#H7cdeb63','Nguyen Thanh Phu',15,'0389965533','2024-04-27 03:30:14','An Giang','undefined',45,4,1),(35,'#Ha0c1d82','Nguyễn Thành Phú',15,'0372898163','2024-04-27 03:33:46','An Giang Cityyy','undefined',45,4,1),(36,'#H9677aca','Nguyễn Thành Phú',15,'0916700605','2024-05-03 06:57:20','An Giang City','vidu',33744,4,2),(37,'#H3866cb3','Nguyễn Thành Phú',15,'0916700605','2024-05-08 06:39:57','An Giang','Ghi chu',271,4,1),(38,'#H43aa25a','Nguyen Thanh Phu',15,'0372898163','2024-05-08 07:14:28','An Giang','Nho gui vao thu 2',45,5,1),(39,'#H6c7fd3a','Thanh Phu',15,'0372898163','2024-05-08 12:00:39','Can Tho City','day la demo',17147,5,2),(40,'#Hc7920a6','Nguyen Thanh Phu',15,'0372898163','2024-05-08 12:02:51','Can Tho Cityy','demo ',135,5,2);
/*!40000 ALTER TABLE `donhang` ENABLE KEYS */;
UNLOCK TABLES;

--
-- Table structure for table `giohang`
--

DROP TABLE IF EXISTS `giohang`;
/*!40101 SET @saved_cs_client     = @@character_set_client */;
/*!50503 SET character_set_client = utf8mb4 */;
CREATE TABLE `giohang` (
  `idgiohang` int NOT NULL AUTO_INCREMENT,
  `giohangsoluong` int DEFAULT NULL,
  `giohangtonggia` float DEFAULT NULL,
  `idkhachhang` int DEFAULT NULL,
  PRIMARY KEY (`idgiohang`),
  KEY `fk_ghkh_idx` (`idkhachhang`),
  CONSTRAINT `fk_ghkh` FOREIGN KEY (`idkhachhang`) REFERENCES `khachhang` (`idkhachhang`)
) ENGINE=InnoDB AUTO_INCREMENT=9 DEFAULT CHARSET=utf8mb3;
/*!40101 SET character_set_client = @saved_cs_client */;

--
-- Dumping data for table `giohang`
--

LOCK TABLES `giohang` WRITE;
/*!40000 ALTER TABLE `giohang` DISABLE KEYS */;
INSERT INTO `giohang` VALUES (1,0,0,1),(2,0,0,14),(3,0,0,15),(4,0,0,16),(5,0,0,17),(6,0,0,18),(7,0,0,19),(8,0,0,20);
/*!40000 ALTER TABLE `giohang` ENABLE KEYS */;
UNLOCK TABLES;

--
-- Table structure for table `hinhanhsanpham`
--

DROP TABLE IF EXISTS `hinhanhsanpham`;
/*!40101 SET @saved_cs_client     = @@character_set_client */;
/*!50503 SET character_set_client = utf8mb4 */;
CREATE TABLE `hinhanhsanpham` (
  `idhinhanhsanpham` int NOT NULL,
  `hinhanh` varchar(255) DEFAULT NULL,
  `idsanpham` int DEFAULT NULL,
  PRIMARY KEY (`idhinhanhsanpham`),
  KEY `fk_spha_idx` (`idsanpham`),
  CONSTRAINT `fk_spha` FOREIGN KEY (`idsanpham`) REFERENCES `sanpham` (`idsanpham`)
) ENGINE=InnoDB DEFAULT CHARSET=utf8mb3;
/*!40101 SET character_set_client = @saved_cs_client */;

--
-- Dumping data for table `hinhanhsanpham`
--

LOCK TABLES `hinhanhsanpham` WRITE;
/*!40000 ALTER TABLE `hinhanhsanpham` DISABLE KEYS */;
INSERT INTO `hinhanhsanpham` VALUES (1,'https://www.omegawatches.com/media/catalog/product/o/m/omega-speedmaster-chronoscope-co-axial-master-chronometer-chronograph-43_mm-52230435102001-portrait-1-5e33c0.png?w=720',549),(2,'https://www.omegawatches.com/media/catalog/product/o/m/omega-speedmaster-chronoscope-co-axial-master-chronometer-chronograph-43_mm-52230435102001-portrait-2-4ad9d5.png?w=720',549),(3,'https://www.omegawatches.com/media/catalog/product/o/m/omega-speedmaster-chronoscope-co-axial-master-chronometer-chronograph-43_mm-52230435102001-portrait-3-6e51fc.png?w=720',549),(4,'https://www.omegawatches.com/media/catalog/product/o/m/omega-speedmaster-chronoscope-co-axial-master-chronometer-chronograph-43_mm-52230435102001-portrait-4-cc9007.png?w=720',549),(5,'https://www.omegawatches.com/media/catalog/product/o/m/omega-speedmaster-chronoscope-co-axial-master-chronometer-chronograph-43_mm-52230435102001-portrait-5-177f22.png?w=720',549),(6,'https://www.omegawatches.com/media/wysiwyg/52230435102001-img-amb-1-3.jpg',549);
/*!40000 ALTER TABLE `hinhanhsanpham` ENABLE KEYS */;
UNLOCK TABLES;

--
-- Table structure for table `khachhang`
--

DROP TABLE IF EXISTS `khachhang`;
/*!40101 SET @saved_cs_client     = @@character_set_client */;
/*!50503 SET character_set_client = utf8mb4 */;
CREATE TABLE `khachhang` (
  `idkhachhang` int NOT NULL AUTO_INCREMENT,
  `khachhangten` varchar(255) DEFAULT NULL,
  `khachhangemail` varchar(255) DEFAULT NULL,
  `khachhangsdt` varchar(11) DEFAULT NULL,
  `khachhangngaytao` date DEFAULT NULL,
  `diachi` varchar(255) DEFAULT NULL,
  PRIMARY KEY (`idkhachhang`)
) ENGINE=InnoDB AUTO_INCREMENT=21 DEFAULT CHARSET=utf8mb3;
/*!40101 SET character_set_client = @saved_cs_client */;

--
-- Dumping data for table `khachhang`
--

LOCK TABLES `khachhang` WRITE;
/*!40000 ALTER TABLE `khachhang` DISABLE KEYS */;
INSERT INTO `khachhang` VALUES (1,'Ngoc Han','ntnh@gmail.com','0995599078','2024-02-07','An Chau, Chau Thanh, An Giang'),(14,'Nguyen Thanh Phu','phub2012244@gmail.com','0372898163','2024-02-07','An Hoa, Chau Thanh, An Giang'),(15,'Nguyen Thanh Phu','phub2012245@gmail.com','0389965533','2024-02-07','An Hoa, Chau Thanh, An Giang'),(16,'Nguyen Thi Ngoc Han','Hanb2017272@gmail.com','0376470797','2024-02-07','An Hoa, Chau Thanh, An Giang'),(17,'Thanh Cong','dtcong@gmail.com','0779717559','2024-02-07','Xuan Khanh, Ninh Kieu, Can Tho'),(18,'Kim Dang','bxkimdang@gmail.com','0703488231','2024-02-07','An Chau, Chau Thanh, An Giang'),(19,'Nguyen Thanh Phu','thanhphu8437@gmail.com','0372898164',NULL,NULL),(20,'Nguyen Thi Ngoc Han','ngochan72@gmail.com','0372470979',NULL,NULL);
/*!40000 ALTER TABLE `khachhang` ENABLE KEYS */;
UNLOCK TABLES;

--
-- Table structure for table `kichthuoc`
--

DROP TABLE IF EXISTS `kichthuoc`;
/*!40101 SET @saved_cs_client     = @@character_set_client */;
/*!50503 SET character_set_client = utf8mb4 */;
CREATE TABLE `kichthuoc` (
  `idkichthuoc` int NOT NULL,
  `kichthuocmat` varchar(45) DEFAULT NULL,
  PRIMARY KEY (`idkichthuoc`)
) ENGINE=InnoDB DEFAULT CHARSET=utf8mb3;
/*!40101 SET character_set_client = @saved_cs_client */;

--
-- Dumping data for table `kichthuoc`
--

LOCK TABLES `kichthuoc` WRITE;
/*!40000 ALTER TABLE `kichthuoc` DISABLE KEYS */;
INSERT INTO `kichthuoc` VALUES (1,'Dưới 25mm'),(2,'25mm đến 30mm'),(3,'30mm đến 35mm'),(4,'35mm đến 38mm'),(5,'38mm đến 40mm'),(6,'40mm đến 43mm'),(7,'Trên 43mm');
/*!40000 ALTER TABLE `kichthuoc` ENABLE KEYS */;
UNLOCK TABLES;

--
-- Table structure for table `kieumat`
--

DROP TABLE IF EXISTS `kieumat`;
/*!40101 SET @saved_cs_client     = @@character_set_client */;
/*!50503 SET character_set_client = utf8mb4 */;
CREATE TABLE `kieumat` (
  `idkieumat` int NOT NULL,
  `loaikieumat` varchar(45) DEFAULT NULL,
  PRIMARY KEY (`idkieumat`)
) ENGINE=InnoDB DEFAULT CHARSET=utf8mb3;
/*!40101 SET character_set_client = @saved_cs_client */;

--
-- Dumping data for table `kieumat`
--

LOCK TABLES `kieumat` WRITE;
/*!40000 ALTER TABLE `kieumat` DISABLE KEYS */;
INSERT INTO `kieumat` VALUES (1,'Mặt Tròn'),(2,'Mặt Vuông'),(3,'Oval'),(4,'Chữ Nhật');
/*!40000 ALTER TABLE `kieumat` ENABLE KEYS */;
UNLOCK TABLES;

--
-- Table structure for table `loaimay`
--

DROP TABLE IF EXISTS `loaimay`;
/*!40101 SET @saved_cs_client     = @@character_set_client */;
/*!50503 SET character_set_client = utf8mb4 */;
CREATE TABLE `loaimay` (
  `idloaimay` int NOT NULL,
  `loaimayten` varchar(45) DEFAULT NULL,
  PRIMARY KEY (`idloaimay`)
) ENGINE=InnoDB DEFAULT CHARSET=utf8mb3;
/*!40101 SET character_set_client = @saved_cs_client */;

--
-- Dumping data for table `loaimay`
--

LOCK TABLES `loaimay` WRITE;
/*!40000 ALTER TABLE `loaimay` DISABLE KEYS */;
INSERT INTO `loaimay` VALUES (1,'Đồng Hồ Điện Tử (Quartz)'),(2,'Đồng Hồ Cơ (Mechanical)');
/*!40000 ALTER TABLE `loaimay` ENABLE KEYS */;
UNLOCK TABLES;

--
-- Table structure for table `nhacungcap`
--

DROP TABLE IF EXISTS `nhacungcap`;
/*!40101 SET @saved_cs_client     = @@character_set_client */;
/*!50503 SET character_set_client = utf8mb4 */;
CREATE TABLE `nhacungcap` (
  `idnhacungcap` int NOT NULL,
  `nhacungcapten` varchar(255) DEFAULT NULL,
  `nhacungcapsdt` int DEFAULT NULL,
  PRIMARY KEY (`idnhacungcap`)
) ENGINE=InnoDB DEFAULT CHARSET=utf8mb3;
/*!40101 SET character_set_client = @saved_cs_client */;

--
-- Dumping data for table `nhacungcap`
--

LOCK TABLES `nhacungcap` WRITE;
/*!40000 ALTER TABLE `nhacungcap` DISABLE KEYS */;
/*!40000 ALTER TABLE `nhacungcap` ENABLE KEYS */;
UNLOCK TABLES;

--
-- Table structure for table `phieunhap`
--

DROP TABLE IF EXISTS `phieunhap`;
/*!40101 SET @saved_cs_client     = @@character_set_client */;
/*!50503 SET character_set_client = utf8mb4 */;
CREATE TABLE `phieunhap` (
  `idphieunhap` int NOT NULL,
  `phieunhapngaynhap` datetime DEFAULT NULL,
  `idquantrivien` int DEFAULT NULL,
  PRIMARY KEY (`idphieunhap`),
  KEY `fk_qtvpn_idx` (`idquantrivien`),
  CONSTRAINT `fk_qtvpn` FOREIGN KEY (`idquantrivien`) REFERENCES `quantrivien` (`idquantrivien`)
) ENGINE=InnoDB DEFAULT CHARSET=utf8mb3;
/*!40101 SET character_set_client = @saved_cs_client */;

--
-- Dumping data for table `phieunhap`
--

LOCK TABLES `phieunhap` WRITE;
/*!40000 ALTER TABLE `phieunhap` DISABLE KEYS */;
/*!40000 ALTER TABLE `phieunhap` ENABLE KEYS */;
UNLOCK TABLES;

--
-- Table structure for table `phuongthucthanhtoan`
--

DROP TABLE IF EXISTS `phuongthucthanhtoan`;
/*!40101 SET @saved_cs_client     = @@character_set_client */;
/*!50503 SET character_set_client = utf8mb4 */;
CREATE TABLE `phuongthucthanhtoan` (
  `idphuongthucthanhtoan` int NOT NULL,
  `phuongthucthanhtoanten` varchar(255) DEFAULT NULL,
  `phuongthucthanhtoantrangthai` varchar(45) DEFAULT NULL,
  PRIMARY KEY (`idphuongthucthanhtoan`)
) ENGINE=InnoDB DEFAULT CHARSET=utf8mb3;
/*!40101 SET character_set_client = @saved_cs_client */;

--
-- Dumping data for table `phuongthucthanhtoan`
--

LOCK TABLES `phuongthucthanhtoan` WRITE;
/*!40000 ALTER TABLE `phuongthucthanhtoan` DISABLE KEYS */;
INSERT INTO `phuongthucthanhtoan` VALUES (1,'Ship COD',NULL),(2,'Payment by Paypal',NULL);
/*!40000 ALTER TABLE `phuongthucthanhtoan` ENABLE KEYS */;
UNLOCK TABLES;

--
-- Table structure for table `quantrivien`
--

DROP TABLE IF EXISTS `quantrivien`;
/*!40101 SET @saved_cs_client     = @@character_set_client */;
/*!50503 SET character_set_client = utf8mb4 */;
CREATE TABLE `quantrivien` (
  `idquantrivien` int NOT NULL,
  `quantrivienten` varchar(255) DEFAULT NULL,
  `quantriviendiachi` varchar(255) DEFAULT NULL,
  `quantriviensdt` varchar(10) DEFAULT NULL,
  PRIMARY KEY (`idquantrivien`)
) ENGINE=InnoDB DEFAULT CHARSET=utf8mb3;
/*!40101 SET character_set_client = @saved_cs_client */;

--
-- Dumping data for table `quantrivien`
--

LOCK TABLES `quantrivien` WRITE;
/*!40000 ALTER TABLE `quantrivien` DISABLE KEYS */;
INSERT INTO `quantrivien` VALUES (1,'Nguyễn Trị Viên','An Giang','0995599078');
/*!40000 ALTER TABLE `quantrivien` ENABLE KEYS */;
UNLOCK TABLES;

--
-- Table structure for table `sanpham`
--

DROP TABLE IF EXISTS `sanpham`;
/*!40101 SET @saved_cs_client     = @@character_set_client */;
/*!50503 SET character_set_client = utf8mb4 */;
CREATE TABLE `sanpham` (
  `idsanpham` int NOT NULL AUTO_INCREMENT,
  `sanphamten` varchar(255) DEFAULT NULL,
  `sanphamgia` float DEFAULT NULL,
  `gianhap` float DEFAULT NULL,
  `sanphammota` longtext,
  `sanphamgioitinh` varchar(45) DEFAULT NULL,
  `idchatlieu` int DEFAULT NULL,
  `idkieumat` int DEFAULT NULL,
  `idthuonghieu` int DEFAULT NULL,
  `idkichthuoc` int DEFAULT NULL,
  `idloaimay` int DEFAULT NULL,
  `sanphamhinhdaidien` varchar(255) DEFAULT NULL,
  `soluongcon` int DEFAULT NULL,
  `anh1` varchar(255) DEFAULT NULL,
  `anh2` varchar(255) DEFAULT NULL,
  `anh3` varchar(255) DEFAULT NULL,
  `anh4` varchar(255) DEFAULT NULL,
  `anh5` varchar(255) DEFAULT NULL,
  PRIMARY KEY (`idsanpham`),
  KEY `fk_kieumat_idx` (`idkieumat`),
  KEY `fk_chatlieu_idx` (`idchatlieu`),
  KEY `fk_thuonghieu_idx` (`idthuonghieu`),
  KEY `fk_kichthuoc_idx` (`idkichthuoc`),
  KEY `fk_loaimay_idx` (`idloaimay`),
  CONSTRAINT `fk_chatlieu` FOREIGN KEY (`idchatlieu`) REFERENCES `chatlieu` (`idchatlieu`),
  CONSTRAINT `fk_kichthuoc` FOREIGN KEY (`idkichthuoc`) REFERENCES `kichthuoc` (`idkichthuoc`),
  CONSTRAINT `fk_kieumat` FOREIGN KEY (`idkieumat`) REFERENCES `kieumat` (`idkieumat`),
  CONSTRAINT `fk_loaimay` FOREIGN KEY (`idloaimay`) REFERENCES `loaimay` (`idloaimay`),
  CONSTRAINT `fk_thuonghieu` FOREIGN KEY (`idthuonghieu`) REFERENCES `thuonghieu` (`idthuonghieu`)
) ENGINE=InnoDB AUTO_INCREMENT=569 DEFAULT CHARSET=utf8mb3;
/*!40101 SET character_set_client = @saved_cs_client */;

--
-- Dumping data for table `sanpham`
--

LOCK TABLES `sanpham` WRITE;
/*!40000 ALTER TABLE `sanpham` DISABLE KEYS */;
INSERT INTO `sanpham` VALUES (1,'Casio - Nam AE-1200WHD-1AVDF',45,30,'Genuine watch, made in Japan. Durable. Casio is one of the first products to produce battery watches (Quartz watches) along with many multifunctional product lines such as calculators, time zones, barometers, high-speed watches, especially some The product can also receive radio signals, etc.','Nam',4,2,1,6,1,'90c2846938d115c55bfe404a419664c5',63,'https://wscdn.vn/upload/original-image/AE-1200WHD-1AVDF-7.jpg','https://wscdn.vn/upload/original-image/AE-1200WHD-1AVDF-6.jpg','https://wscdn.vn/upload/original-image/AE-1200WHD-1AVDF-5.jpg','https://wscdn.vn/upload/original-image/AE-1200WHD-1AVDF-1.jpg','https://wscdn.vn/upload/original-image/AE-1200WHD-1AVDF-3.jpg'),(2,'Casio - Nam MTP-1374L-1AVDF',68,60,'Genuine watch, made in Japan. Durable. Casio is one of the first products to produce battery watches (Quartz watches) along with many multifunctional product lines such as calculators, time zones, barometers, high-speed watches, especially some The product can also receive radio signals, etc.','Nam',2,1,1,6,1,'303b1ac78c11e2040cb79a0d750a4453',60,'https://wscdn.vn/upload/original-image/uploads/images/CASIO-MTP-1374L-1AVDF-2.jpg','https://wscdn.vn/upload/original-image/uploads/images/CASIO-MTP-1374L-1AVDF-3.jpg','https://wscdn.vn/upload/original-image/uploads/images/CASIO-MTP-1374L-1AVDF-4.jpg','https://wscdn.vn/upload/original-image/uploads/images/CASIO-MTP-1374L-1AVDF-5.jpg',NULL),(3,'Casio - Nam MTP-VT01L-1BUDF',35,30,'Genuine watch, made in Japan. Durable. Casio is one of the first products to produce battery watches (Quartz watches) along with many multifunctional product lines such as calculators, time zones, barometers, high-speed watches, especially some The product can also receive radio signals, etc.','Nam',2,1,1,5,1,'476abc80f6e0756645295bd4a57b1b24',34,'https://wscdn.vn/upload/image/MTP-VT01L-1BUDF-1-460157009-673312099.jpg','https://wscdn.vn/upload/image/MTP-VT01L-1BUDF-2-250047198-1924152502.jpg','https://wscdn.vn/upload/original-image/MTP-VT01L-1BUDF-3.jpg','https://wscdn.vn/upload/original-image/MTP-VT01L-1BUDF-4.jpg','https://wscdn.vn/upload/original-image/MTP-VT01L-1BUDF-5.jpg'),(4,'Casio - Nam MTP-1375L-1AVDF',68,56,'Genuine watch, made in Japan. Durable. Casio is one of the first products to produce battery watches (Quartz watches) along with many multifunctional product lines such as calculators, time zones, barometers, high-speed watches, especially some The product can also receive radio signals, etc.','Nam',2,1,1,6,1,'7f2ef1e0816b2e31845eb589d6639551',10,'https://wscdn.vn/upload/original-image/uploads/images/MTP-1375L-1A-3-1633663118741.jpg','https://wscdn.vn/upload/original-image/uploads/images/MTP-1375L-1A-4-1633663121907.jpg','https://wscdn.vn/upload/original-image/uploads/images/MTP-1375L-1A-5-1633663125096.jpg','https://wscdn.vn/upload/original-image/uploads/images/MTP-1375L-1A-6-1633663128907.jpg','https://wscdn.vn/upload/original-image/uploads/images/MTP-1375L-1A-7-1633663132189.jpg'),(5,'Casio - Nam MTP-VT01D-1BUDF',38,30,'Genuine watch, made in Japan. Durable. Casio is one of the first products to produce battery watches (Quartz watches) along with many multifunctional product lines such as calculators, time zones, barometers, high-speed watches, especially some The product can also receive radio signals, etc.','Nam',2,1,1,6,1,'db361746fb607be300b8207e96138691',10,'https://wscdn.vn/upload/original-image/uploads/images/MTP-VT01D-1B-2-1636771759220.jpg','https://wscdn.vn/upload/original-image/uploads/images/MTP-VT01D-1B-3-1636771761852.jpg','https://wscdn.vn/upload/original-image/uploads/images/MTP-VT01D-1B-4-1636771764279.jpg','https://wscdn.vn/upload/original-image/uploads/images/MTP-VT01D-1B-5-1636771767524.jpg','https://wscdn.vn/upload/original-image/uploads/images/MTP-VT01D-1B-6-1636771770027.jpg'),(6,'Casio - Nam MTP-VD01L-1EVUDF',35,30,'Genuine watch, made in Japan. Durable. Casio is one of the first products to produce battery watches (Quartz watches) along with many multifunctional product lines such as calculators, time zones, barometers, high-speed watches, especially some The product can also receive radio signals, etc.','Nam',2,1,1,6,1,'83b281eb313b994e7d1ded67c994ed04',10,'https://wscdn.vn/upload/original-image/uploads/images/MTP-VD01L-1E-2-1657612601314.jpg','https://wscdn.vn/upload/original-image/uploads/images/MTP-VD01L-1E-3-1657612606139.jpg','https://wscdn.vn/upload/original-image/uploads/images/MTP-VD01L-1E-4-1657612608344.jpg','https://wscdn.vn/upload/original-image/uploads/images/MTP-VD01L-1E-6-1657612614819.jpg',NULL),(7,'Casio - Nam MTP-1374D-1AVDF',72,67,'Genuine watch, made in Japan. Durable. Casio is one of the first products to produce battery watches (Quartz watches) along with many multifunctional product lines such as calculators, time zones, barometers, high-speed watches, especially some The product can also receive radio signals, etc.','Nam',2,1,1,6,1,'1f0bbc07c5a080ed8dbc78a00f94e45b',10,'https://wscdn.vn/upload/original-image/uploads/images/dong-ho-casio-mtp-1384l-1a_2-ims.jpg','https://wscdn.vn/upload/original-image/uploads/images/dong-ho-casio-mtp-1384l-1a_3-ims.jpg','https://wscdn.vn/upload/original-image/uploads/images/dong-ho-casio-mtp-1384l-1a_4-ims.jpg','https://wscdn.vn/upload/original-image/uploads/images/dong-ho-casio-mtp-1384l-1a_5-ims.jpg',NULL),(8,'Casio - Nam MTP-1384L-1AVDF',72,68,'Genuine watch, made in Japan. Durable. Casio is one of the first products to produce battery watches (Quartz watches) along with many multifunctional product lines such as calculators, time zones, barometers, high-speed watches, especially some The product can also receive radio signals, etc.','Nam',2,1,1,5,1,'dec437c95554e652e3e379dc86fa1552',10,NULL,NULL,NULL,NULL,NULL),(9,'Casio - Nam MTP-V004L-1AUDF',35,55,'Genuine watch, made in Japan. Durable. Casio is one of the first products to produce battery watches (Quartz watches) along with many multifunctional product lines such as calculators, time zones, barometers, high-speed watches, especially some The product can also receive radio signals, etc.','Nam',2,1,1,5,1,'cccddc122dc67a355133a7005c8bba98',10,NULL,NULL,NULL,NULL,NULL),(10,'Casio - Nam MTP-1384L-7AVDF',72,45,'Genuine watch, made in Japan. Durable. Casio is one of the first products to produce battery watches (Quartz watches) along with many multifunctional product lines such as calculators, time zones, barometers, high-speed watches, especially some The product can also receive radio signals, etc.','Nam',2,1,1,5,1,'48fedd9e59f0172611ff785c45811ff5',10,NULL,NULL,NULL,NULL,NULL),(11,'Casio - Nam MTP-1375D-1AVDF',80,50,'Genuine watch, made in Japan. Durable. Casio is one of the first products to produce battery watches (Quartz watches) along with many multifunctional product lines such as calculators, time zones, barometers, high-speed watches, especially some The product can also receive radio signals, etc.','Nam',2,1,1,5,1,'b7fd9e67a44ad6d4434e8cd37758cb85',10,NULL,NULL,NULL,NULL,NULL),(12,'Casio - Nam MTP-V001D-7BUDF',34,20,'Genuine watch, made in Japan. Durable. Casio is one of the first products to produce battery watches (Quartz watches) along with many multifunctional product lines such as calculators, time zones, barometers, high-speed watches, especially some The product can also receive radio signals, etc.','Nam',2,1,1,5,1,'26cffcd7c331ea917c72636ce811158c',10,NULL,NULL,NULL,NULL,NULL),(13,'Casio - Nam MTP-1183A-7ADF',45,34,'Genuine watch, made in Japan. Durable. Casio is one of the first products to produce battery watches (Quartz watches) along with many multifunctional product lines such as calculators, time zones, barometers, high-speed watches, especially some The product can also receive radio signals, etc.','Nam',2,1,1,4,1,'dba1300abb80dbf03205b20c81ed2ccd',10,NULL,NULL,NULL,NULL,NULL),(14,'Casio - Nam MTP-1381L-1AVDF',47,35,'Genuine watch, made in Japan. Durable. Casio is one of the first products to produce battery watches (Quartz watches) along with many multifunctional product lines such as calculators, time zones, barometers, high-speed watches, especially some The product can also receive radio signals, etc.','Nam',2,1,1,4,1,'4ff97a3617365d049848d0c5691a65a4',10,NULL,NULL,NULL,NULL,NULL),(15,'Casio - Nam MTP-1374L-7AVDF',65,40,'Genuine watch, made in Japan. Durable. Casio is one of the first products to produce battery watches (Quartz watches) along with many multifunctional product lines such as calculators, time zones, barometers, high-speed watches, especially some The product can also receive radio signals, etc.','Nam',2,1,1,4,1,'eaf4bdb659de3b82d00151d1d047b1cc',10,NULL,NULL,NULL,NULL,NULL),(16,'Casio - Nữ LA670WA-7DF',55,34,'Genuine watch, made in Japan. Durable. Casio is one of the first products to produce battery watches (Quartz watches) along with many multifunctional product lines such as calculators, time zones, barometers, high-speed watches, especially some The product can also receive radio signals, etc.','Nữ',4,2,1,2,1,'115c8f6933ff672a8db26e37e0ec6064',8,NULL,NULL,NULL,NULL,NULL),(17,'Casio - Nữ LTP-1274D-7ADF',72,65,'Genuine watch, made in Japan. Durable. Casio is one of the first products to produce battery watches (Quartz watches) along with many multifunctional product lines such as calculators, time zones, barometers, high-speed watches, especially some The product can also receive radio signals, etc.','Nữ',2,1,1,2,1,'01eeb505382bed5f7217a40546724dec',9,NULL,NULL,NULL,NULL,NULL),(18,'Casio - Nữ LW-204-4ADF',55,34,'Genuine watch, made in Japan. Durable. Casio is one of the first products to produce battery watches (Quartz watches) along with many multifunctional product lines such as calculators, time zones, barometers, high-speed watches, especially some The product can also receive radio signals, etc.','Nữ',4,2,1,3,1,'ebb52cb9fc1341e58b23b40bb78e8f9d',10,NULL,NULL,NULL,NULL,NULL),(19,'Casio - Nữ LTP-V007L-7B1UDF',32,23,'Genuine watch, made in Japan. Durable. Casio is one of the first products to produce battery watches (Quartz watches) along with many multifunctional product lines such as calculators, time zones, barometers, high-speed watches, especially some The product can also receive radio signals, etc.','Nữ',2,4,1,3,1,'19fa78adb27b90a3ebb3a83435aa5191',10,NULL,NULL,NULL,NULL,NULL),(20,'Casio - Nữ LTP-V300L-4AUDF',46,30,'Genuine watch, made in Japan. Durable. Casio is one of the first products to produce battery watches (Quartz watches) along with many multifunctional product lines such as calculators, time zones, barometers, high-speed watches, especially some The product can also receive radio signals, etc.','Nữ',2,1,1,3,1,'639e1cef74142bbaaf3027f937c0b7ac',10,NULL,NULL,NULL,NULL,NULL),(21,'Casio - Nữ LA670WEM-7DF',55,30,'Genuine watch, made in Japan. Durable. Casio is one of the first products to produce battery watches (Quartz watches) along with many multifunctional product lines such as calculators, time zones, barometers, high-speed watches, especially some The product can also receive radio signals, etc.','Nữ',2,2,1,2,1,'f11afbd0a4eecfd2f74eb31aa02ad6be',10,NULL,NULL,NULL,NULL,NULL),(22,'Casio - Nữ LA670WA-1DF',43,30,'Genuine watch, made in Japan. Durable. Casio is one of the first products to produce battery watches (Quartz watches) along with many multifunctional product lines such as calculators, time zones, barometers, high-speed watches, especially some The product can also receive radio signals, etc.','Nữ',4,2,1,2,1,'4fe4e7b0c9d69cfeaa3e9769aca8f703',10,NULL,NULL,NULL,NULL,NULL),(23,'Casio - Nữ LWA-300H-7EVDF',68,50,'Genuine watch, made in Japan. Durable. Casio is one of the first products to produce battery watches (Quartz watches) along with many multifunctional product lines such as calculators, time zones, barometers, high-speed watches, especially some The product can also receive radio signals, etc.','Nữ',2,1,1,5,1,'602faeb2feeca4b532a65a58a9e18b9d',10,NULL,NULL,NULL,NULL,NULL),(24,'Casio - Nữ LA680WA-7DF',72,50,'Genuine watch, made in Japan. Durable. Casio is one of the first products to produce battery watches (Quartz watches) along with many multifunctional product lines such as calculators, time zones, barometers, high-speed watches, especially some The product can also receive radio signals, etc.','Nữ',2,2,1,2,1,'6bb6a48c7c13c9490f8212259060c632',10,NULL,NULL,NULL,NULL,NULL),(25,'Casio - Nữ LTP-VT01GL-7BUDF',45,34,'Genuine watch, made in Japan. Durable. Casio is one of the first products to produce battery watches (Quartz watches) along with many multifunctional product lines such as calculators, time zones, barometers, high-speed watches, especially some The product can also receive radio signals, etc.','Nữ',2,1,1,3,1,'33f5083f6cff025e16b36d46f081f04c',10,NULL,NULL,NULL,NULL,NULL),(26,'Casio - Nữ LTP-V007L-7E1UDF',44,34,'Genuine watch, made in Japan. Durable. Casio is one of the first products to produce battery watches (Quartz watches) along with many multifunctional product lines such as calculators, time zones, barometers, high-speed watches, especially some The product can also receive radio signals, etc.','Nữ',2,4,1,3,1,'87899629c0844250b93519a7fd556c05',10,NULL,NULL,NULL,NULL,NULL),(27,'Casio - Nữ LTP-E157M-7ADF',55,35,'Genuine watch, made in Japan. Durable. Casio is one of the first products to produce battery watches (Quartz watches) along with many multifunctional product lines such as calculators, time zones, barometers, high-speed watches, especially some The product can also receive radio signals, etc.','Nữ',2,1,1,3,1,'8cb063240ae191f85eb1bee101c3f11b',10,NULL,NULL,NULL,NULL,NULL),(28,'Casio - Nữ LTP-V001L-1BUDF',35,30,'Genuine watch, made in Japan. Durable. Casio is one of the first products to produce battery watches (Quartz watches) along with many multifunctional product lines such as calculators, time zones, barometers, high-speed watches, especially some The product can also receive radio signals, etc.','Nữ',2,1,1,2,1,'f69730b9b815c88602cc255dfa18ccca',10,NULL,NULL,NULL,NULL,NULL),(29,'Casio - Nữ LTP-V005L-7BUDF',33,25,'Genuine watch, made in Japan. Durable. Casio is one of the first products to produce battery watches (Quartz watches) along with many multifunctional product lines such as calculators, time zones, barometers, high-speed watches, especially some The product can also receive radio signals, etc.','Nữ',2,1,1,2,1,'b487f58c4739647770695b36e50ba16f',10,NULL,NULL,NULL,NULL,NULL),(30,'Casio - Nữ LTP-1274G-7ADF',44,35,'Genuine watch, made in Japan. Durable. Casio is one of the first products to produce battery watches (Quartz watches) along with many multifunctional product lines such as calculators, time zones, barometers, high-speed watches, especially some The product can also receive radio signals, etc.','Nữ',2,1,1,2,1,'2e0620d99a5e85a8d33954e1f86f5804',10,NULL,NULL,NULL,NULL,NULL),(31,'G-Shock - Nam GA-2100-1A1DR',101,80,'G-Shock watches are a line of electronic (digital) watch products manufactured by Casio. G-Shock is a line of watches designed with strong shock resistance, impact resistance, vibration resistance, low temperature resistance and water pressure up to 200 m, etc. Does not break when dropped, withstands strong force, is an extremely durable and strong watch line.','Nam',4,1,2,6,1,'da09191db461e981262e06c281a0f62e',10,NULL,NULL,NULL,NULL,NULL),(32,'G-Shock - Nam GA-2100-1ADR',105,80,'G-Shock watches are a line of electronic (digital) watch products manufactured by Casio. G-Shock is a line of watches designed with strong shock resistance, impact resistance, vibration resistance, low temperature resistance and water pressure up to 200 m, etc. Does not break when dropped, withstands strong force, is an extremely durable and strong watch line.','Nam',4,1,2,6,1,'9ba9afc8d3d0f1f0c38280f4fb47ab78',10,NULL,NULL,NULL,NULL,NULL),(33,'G-Shock - Nam DW-5600BB-1DR',110,80,'G-Shock watches are a line of electronic (digital) watch products manufactured by Casio. G-Shock is a line of watches designed with strong shock resistance, impact resistance, vibration resistance, low temperature resistance and water pressure up to 200 m, etc. Does not break when dropped, withstands strong force, is an extremely durable and strong watch line.','Nam',4,2,2,6,1,'9f538c5dc4371c93cbf684f56e825290',10,NULL,NULL,NULL,NULL,NULL),(34,'G-Shock - Nam GA-2100-4ADR',130,80,'G-Shock watches are a line of electronic (digital) watch products manufactured by Casio. G-Shock is a line of watches designed with strong shock resistance, impact resistance, vibration resistance, low temperature resistance and water pressure up to 200 m, etc. Does not break when dropped, withstands strong force, is an extremely durable and strong watch line.','Nam',4,1,2,6,1,'684ab6aebfa3476085bf01ccb1f3084f',10,NULL,NULL,NULL,NULL,NULL),(35,'G-Shock - Nam GBD-200SM-1A5DR',120,80,'G-Shock watches are a line of electronic (digital) watch products manufactured by Casio. G-Shock is a line of watches designed with strong shock resistance, impact resistance, vibration resistance, low temperature resistance and water pressure up to 200 m, etc. Does not break when dropped, withstands strong force, is an extremely durable and strong watch line.','Nam',4,2,2,6,1,'59a4b9787b1246d454289e984054ab40',10,NULL,NULL,NULL,NULL,NULL),(36,'G-Shock - Nam GA-2100SKE-7ADR',125,80,'G-Shock watches are a line of electronic (digital) watch products manufactured by Casio. G-Shock is a line of watches designed with strong shock resistance, impact resistance, vibration resistance, low temperature resistance and water pressure up to 200 m, etc. Does not break when dropped, withstands strong force, is an extremely durable and strong watch line.','Nam',4,1,2,6,1,'686bffca2c221b10405f2159c27dede1',10,NULL,NULL,NULL,NULL,NULL),(37,'G-Shock - Nam GA-B2100-1A1DR',169,90,'G-Shock watches are a line of electronic (digital) watch products manufactured by Casio. G-Shock is a line of watches designed with strong shock resistance, impact resistance, vibration resistance, low temperature resistance and water pressure up to 200 m, etc. Does not break when dropped, withstands strong force, is an extremely durable and strong watch line.','Nam',4,1,2,6,1,'f6bc7d5ed5abfbfc67a3d958df62be5e',10,NULL,NULL,NULL,NULL,NULL),(38,'G-Shock - Nam GA-2100-1A2DR',199,130,'G-Shock watches are a line of electronic (digital) watch products manufactured by Casio. G-Shock is a line of watches designed with strong shock resistance, impact resistance, vibration resistance, low temperature resistance and water pressure up to 200 m, etc. Does not break when dropped, withstands strong force, is an extremely durable and strong watch line.','Nam',4,1,2,6,1,'a5d7f91dd0b163fbc42bf30865d4f4a9',10,NULL,NULL,NULL,NULL,NULL),(39,'G-Shock - Nam GBX-100-1DR',139,100,'G-Shock watches are a line of electronic (digital) watch products manufactured by Casio. G-Shock is a line of watches designed with strong shock resistance, impact resistance, vibration resistance, low temperature resistance and water pressure up to 200 m, etc. Does not break when dropped, withstands strong force, is an extremely durable and strong watch line.','Nam',4,2,2,6,1,'63784de123ffb254af6f32e9fd40d6df',10,NULL,NULL,NULL,NULL,NULL),(40,'G-Shock - Nam GA-2000S-1ADR',115,100,'G-Shock watches are a line of electronic (digital) watch products manufactured by Casio. G-Shock is a line of watches designed with strong shock resistance, impact resistance, vibration resistance, low temperature resistance and water pressure up to 200 m, etc. Does not break when dropped, withstands strong force, is an extremely durable and strong watch line.','Nam',4,1,2,6,1,'d6450b11b0d73d3b2f1aebd2772caf5f',10,NULL,NULL,NULL,NULL,NULL),(41,'G-Shock - Nam GMA-S2100-7ADR',139,100,'G-Shock watches are a line of electronic (digital) watch products manufactured by Casio. G-Shock is a line of watches designed with strong shock resistance, impact resistance, vibration resistance, low temperature resistance and water pressure up to 200 m, etc. Does not break when dropped, withstands strong force, is an extremely durable and strong watch line.','Nam',4,1,2,6,1,'80296e031e62787f6aea8c0e17677523',10,NULL,NULL,NULL,NULL,NULL),(42,'G-Shock - Nam GMA-S2100-1ADR',143,100,'G-Shock watches are a line of electronic (digital) watch products manufactured by Casio. G-Shock is a line of watches designed with strong shock resistance, impact resistance, vibration resistance, low temperature resistance and water pressure up to 200 m, etc. Does not break when dropped, withstands strong force, is an extremely durable and strong watch line.','Nam',4,1,2,6,1,'7ad35c00974d33b507eb50402d4babc3',10,NULL,NULL,NULL,NULL,NULL),(43,'G-Shock - Nam GA-900C-1A4DR',130,100,'G-Shock watches are a line of electronic (digital) watch products manufactured by Casio. G-Shock is a line of watches designed with strong shock resistance, impact resistance, vibration resistance, low temperature resistance and water pressure up to 200 m, etc. Does not break when dropped, withstands strong force, is an extremely durable and strong watch line.','Nam',4,1,2,6,1,'2970ae0fc6dafb6d6c48ec157a6f210b',10,NULL,NULL,NULL,NULL,NULL),(44,'G-Shock - Nam GA-2100VB-1ADR',150,100,'G-Shock watches are a line of electronic (digital) watch products manufactured by Casio. G-Shock is a line of watches designed with strong shock resistance, impact resistance, vibration resistance, low temperature resistance and water pressure up to 200 m, etc. Does not break when dropped, withstands strong force, is an extremely durable and strong watch line.','Nam',4,1,2,6,1,'14cd4f0d802af22a71559661a6961299',10,NULL,NULL,NULL,NULL,NULL),(45,'G-Shock - Nam GMA-S2100-4A2DR',130,100,'G-Shock watches are a line of electronic (digital) watch products manufactured by Casio. G-Shock is a line of watches designed with strong shock resistance, impact resistance, vibration resistance, low temperature resistance and water pressure up to 200 m, etc. Does not break when dropped, withstands strong force, is an extremely durable and strong watch line.','Nam',4,1,2,6,1,'eb92dc1a05ad8ad5181a7c2c465e6b21',10,NULL,NULL,NULL,NULL,NULL),(46,'G-Shock - Nữ GMA-S2100-4ADR',172,160,'G-Shock watches are a line of electronic (digital) watch products manufactured by Casio. G-Shock is a line of watches designed with strong shock resistance, impact resistance, vibration resistance, low temperature resistance and water pressure up to 200 m, etc. Does not break when dropped, withstands strong force, is an extremely durable and strong watch line.','Nữ',4,1,2,5,1,'71425468a95b10e7220ebe7a02c2863f',10,NULL,NULL,NULL,NULL,NULL),(47,'G-Shock - Nữ GMA-S120MF-7A2DR',164,130,'G-Shock watches are a line of electronic (digital) watch products manufactured by Casio. G-Shock is a line of watches designed with strong shock resistance, impact resistance, vibration resistance, low temperature resistance and water pressure up to 200 m, etc. Does not break when dropped, withstands strong force, is an extremely durable and strong watch line.','Nữ',4,1,2,6,1,'2d4be6e135cb8bef6cc9304b232f9504',10,NULL,NULL,NULL,NULL,NULL),(48,'G-Shock - Nữ GMA-S120MF-4ADR',130,100,'G-Shock watches are a line of electronic (digital) watch products manufactured by Casio. G-Shock is a line of watches designed with strong shock resistance, impact resistance, vibration resistance, low temperature resistance and water pressure up to 200 m, etc. Does not break when dropped, withstands strong force, is an extremely durable and strong watch line.','Nữ',4,1,2,5,1,'76cc8f35121d1e1cc2f5610e39b0289c',10,NULL,NULL,NULL,NULL,NULL),(49,'G-Shock - Nữ GMA-S2200M-4ADR',150,120,'G-Shock watches are a line of electronic (digital) watch products manufactured by Casio. G-Shock is a line of watches designed with strong shock resistance, impact resistance, vibration resistance, low temperature resistance and water pressure up to 200 m, etc. Does not break when dropped, withstands strong force, is an extremely durable and strong watch line.','Nữ',4,1,2,5,1,'1192364d0bb640aefe6c86fed7427aad',10,NULL,NULL,NULL,NULL,NULL),(50,'G-Shock - Nữ GMA-S2200M-7ADR',100,80,'G-Shock watches are a line of electronic (digital) watch products manufactured by Casio. G-Shock is a line of watches designed with strong shock resistance, impact resistance, vibration resistance, low temperature resistance and water pressure up to 200 m, etc. Does not break when dropped, withstands strong force, is an extremely durable and strong watch line.','Nữ',4,1,2,5,1,'5c37723de4756e64ded7b35bfd3b4d83',10,NULL,NULL,NULL,NULL,NULL),(51,'G-Shock - Nữ GM-S5600PG-1DR',110,100,'G-Shock watches are a line of electronic (digital) watch products manufactured by Casio. G-Shock is a line of watches designed with strong shock resistance, impact resistance, vibration resistance, low temperature resistance and water pressure up to 200 m, etc. Does not break when dropped, withstands strong force, is an extremely durable and strong watch line.','Nữ',4,2,2,5,1,'d61f03c8475694778d6504b8ece00d1a',10,NULL,NULL,NULL,NULL,NULL),(52,'G-Shock - Nữ GM-S2100B-8ADR',120,90,'G-Shock watches are a line of electronic (digital) watch products manufactured by Casio. G-Shock is a line of watches designed with strong shock resistance, impact resistance, vibration resistance, low temperature resistance and water pressure up to 200 m, etc. Does not break when dropped, withstands strong force, is an extremely durable and strong watch line.','Nữ',4,1,2,5,1,'44d0c203e64d4a3c0ec90dc327c5f00d',10,NULL,NULL,NULL,NULL,NULL),(53,'G-Shock - Nữ GM-S5600PG-4DR',200,150,'G-Shock watches are a line of electronic (digital) watch products manufactured by Casio. G-Shock is a line of watches designed with strong shock resistance, impact resistance, vibration resistance, low temperature resistance and water pressure up to 200 m, etc. Does not break when dropped, withstands strong force, is an extremely durable and strong watch line.','Nữ',4,2,2,5,1,'7ba842656c8c02821c997650aebaa1d7',10,NULL,NULL,NULL,NULL,NULL),(54,'G-Shock - Nữ GMA-S2100GA-7ADR',109,80,'G-Shock watches are a line of electronic (digital) watch products manufactured by Casio. G-Shock is a line of watches designed with strong shock resistance, impact resistance, vibration resistance, low temperature resistance and water pressure up to 200 m, etc. Does not break when dropped, withstands strong force, is an extremely durable and strong watch line.','Nữ',4,1,2,5,1,'13a00c16571dcda36b58bce7050e982e',10,NULL,NULL,NULL,NULL,NULL),(55,'G-Shock - Nữ GM-S5600G-7DR',207,160,'G-Shock watches are a line of electronic (digital) watch products manufactured by Casio. G-Shock is a line of watches designed with strong shock resistance, impact resistance, vibration resistance, low temperature resistance and water pressure up to 200 m, etc. Does not break when dropped, withstands strong force, is an extremely durable and strong watch line.','Nữ',4,2,2,5,1,'eb6a435ad10ef0b4a569505473d6a9f3',10,NULL,NULL,NULL,NULL,NULL),(56,'G-Shock - Nữ GM-S2100-3ADR',172,150,'G-Shock watches are a line of electronic (digital) watch products manufactured by Casio. G-Shock is a line of watches designed with strong shock resistance, impact resistance, vibration resistance, low temperature resistance and water pressure up to 200 m, etc. Does not break when dropped, withstands strong force, is an extremely durable and strong watch line.','Nữ',4,1,2,5,1,'89dcfeaf29efdc9cd0655ce16a3392d8',10,NULL,NULL,NULL,NULL,NULL),(57,'G-Shock - Nữ GM-S5600SB-1DR',149,130,'G-Shock watches are a line of electronic (digital) watch products manufactured by Casio. G-Shock is a line of watches designed with strong shock resistance, impact resistance, vibration resistance, low temperature resistance and water pressure up to 200 m, etc. Does not break when dropped, withstands strong force, is an extremely durable and strong watch line.','Nữ',4,2,2,5,1,'91c5adb689cbe9fab5efb5f78f407a9f',10,NULL,NULL,NULL,NULL,NULL),(58,'G-Shock - Nữ DW-5600SC-4DR',139,120,'G-Shock watches are a line of electronic (digital) watch products manufactured by Casio. G-Shock is a line of watches designed with strong shock resistance, impact resistance, vibration resistance, low temperature resistance and water pressure up to 200 m, etc. Does not break when dropped, withstands strong force, is an extremely durable and strong watch line.','Nữ',4,2,2,5,1,'71d414c419e84be7209ce423ff78ce5e',10,NULL,NULL,NULL,NULL,NULL),(59,'G-Shock - Nữ DW-5600SC-2DR',145,120,'G-Shock watches are a line of electronic (digital) watch products manufactured by Casio. G-Shock is a line of watches designed with strong shock resistance, impact resistance, vibration resistance, low temperature resistance and water pressure up to 200 m, etc. Does not break when dropped, withstands strong force, is an extremely durable and strong watch line.','Nữ',4,2,2,5,1,'0c23c23bbae489da4d70b087e246387c',10,NULL,NULL,NULL,NULL,NULL),(60,'G-Shock - Nữ GMA-S2100BA-4ADR',199,160,'G-Shock watches are a line of electronic (digital) watch products manufactured by Casio. G-Shock is a line of watches designed with strong shock resistance, impact resistance, vibration resistance, low temperature resistance and water pressure up to 200 m, etc. Does not break when dropped, withstands strong force, is an extremely durable and strong watch line.','Nữ',4,1,2,5,1,'604f484760e4ce87316a734c5345162b',10,NULL,NULL,NULL,NULL,NULL),(61,'Hublot - Nam 542.NX.1171.LR',5851,5500,'Hublot watches are always made from expensive and rare materials, which makes the watch luxurious, plus special designs that give Hublot a unique, attractive beauty. everybody. This is also a high-end watch brand, appearing in the list of the most expensive watch brands in the world.','Nam',1,1,3,6,2,'bf25b9ad3abc71ac699dd69d92e75371',10,NULL,NULL,NULL,NULL,NULL),(62,'Hublot - Nam 542.NX.7071.LR',4899,4500,'Hublot watches are always made from expensive and rare materials, which makes the watch luxurious, plus special designs that give Hublot a unique, attractive beauty. everybody. This is also a high-end watch brand, appearing in the list of the most expensive watch brands in the world.','Nam',1,1,3,6,2,'88b210a1e8289d745591b026383cc6a2',10,NULL,NULL,NULL,NULL,NULL),(63,'Hublot - Nam 550.NS.1800.RX.ORL19',6590,6000,'Hublot watches are always made from expensive and rare materials, which makes the watch luxurious, plus special designs that give Hublot a unique, attractive beauty. everybody. This is also a high-end watch brand, appearing in the list of the most expensive watch brands in the world.','Nam',1,1,3,5,2,'5f270ea09a4b0bcb1f03a7e25228d42d',10,NULL,NULL,NULL,NULL,NULL),(64,'Hublot - Nam 542.NX.8970.LR',4599,4000,'Hublot watches are always made from expensive and rare materials, which makes the watch luxurious, plus special designs that give Hublot a unique, attractive beauty. everybody. This is also a high-end watch brand, appearing in the list of the most expensive watch brands in the world.','Nam',1,1,3,6,2,'5ee26af1e365b4fbd19edb4cd8c0a3fc',10,NULL,NULL,NULL,NULL,NULL),(65,'Hublot - Nam 542.NO.1181.RX',5699,5000,'Hublot watches are always made from expensive and rare materials, which makes the watch luxurious, plus special designs that give Hublot a unique, attractive beauty. everybody. This is also a high-end watch brand, appearing in the list of the most expensive watch brands in the world.','Nam',1,1,3,5,2,'b2a41fe069f5509332d37fe616019760',10,NULL,NULL,NULL,NULL,NULL),(66,'Hublot - Nam 542.NX.7071.LR',7999,7500,'Hublot watches are always made from expensive and rare materials, which makes the watch luxurious, plus special designs that give Hublot a unique, attractive beauty. everybody. This is also a high-end watch brand, appearing in the list of the most expensive watch brands in the world.','Nam',1,1,3,6,2,'5c0743f584a3664ad517f49a849a255a',10,NULL,NULL,NULL,NULL,NULL),(67,'Hublot - Nam 565.NX.7170.LR',8999,8000,'Hublot watches are always made from expensive and rare materials, which makes the watch luxurious, plus special designs that give Hublot a unique, attractive beauty. everybody. This is also a high-end watch brand, appearing in the list of the most expensive watch brands in the world.','Nam',1,1,3,6,2,'c20d3537584054a51a9c75bae4507022',10,NULL,NULL,NULL,NULL,NULL),(68,'Hublot - Nam 542.NX.7170.LR',9599,8000,'Hublot watches are always made from expensive and rare materials, which makes the watch luxurious, plus special designs that give Hublot a unique, attractive beauty. everybody. This is also a high-end watch brand, appearing in the list of the most expensive watch brands in the world.','Nam',1,1,3,5,2,'60b2841974f1ab8c9d313103571bf37e',10,NULL,NULL,NULL,NULL,NULL),(69,'Hublot - Nam 565.NX.7170.LR.1204',5678,5000,'Hublot watches are always made from expensive and rare materials, which makes the watch luxurious, plus special designs that give Hublot a unique, attractive beauty. everybody. This is also a high-end watch brand, appearing in the list of the most expensive watch brands in the world.','Nam',1,1,3,6,2,'957a1e25a65a8bedf424486ac2047a16',10,NULL,NULL,NULL,NULL,NULL),(70,'Hublot - Nam 415.NX.1112.VR.1704.MXM',35593,34000,'Hublot watches are always made from expensive and rare materials, which makes the watch luxurious, plus special designs that give Hublot a unique, attractive beauty. everybody. This is also a high-end watch brand, appearing in the list of the most expensive watch brands in the world.','Nam',1,1,3,5,2,'4722e758544b1d163e67d63eb7b7e6a6',10,NULL,NULL,NULL,NULL,NULL),(71,'Hublot - Nam 542.OX.7180.RX',12400,10000,'Hublot watches are always made from expensive and rare materials, which makes the watch luxurious, plus special designs that give Hublot a unique, attractive beauty. everybody. This is also a high-end watch brand, appearing in the list of the most expensive watch brands in the world.','Nam',1,1,3,5,2,'2ff544c8edea463beda41ececbfa2e4d',10,NULL,NULL,NULL,NULL,NULL),(72,'Hublot - Nam 565.OX.7180.RX.1204',15000,13000,'Hublot watches are always made from expensive and rare materials, which makes the watch luxurious, plus special designs that give Hublot a unique, attractive beauty. everybody. This is also a high-end watch brand, appearing in the list of the most expensive watch brands in the world.','Nam',1,1,3,6,2,'2d84d3cf9b163d5a9c4f8e5986a4118d',10,NULL,NULL,NULL,NULL,NULL),(73,'Hublot - Nam 550.OS.2200.RW.1804.ORL20',14000,12000,'Hublot watches are always made from expensive and rare materials, which makes the watch luxurious, plus special designs that give Hublot a unique, attractive beauty. everybody. This is also a high-end watch brand, appearing in the list of the most expensive watch brands in the world.','Nam',1,1,3,6,2,'4ef355ba1a7ea86abc2dcb45514a6a70',10,NULL,NULL,NULL,NULL,NULL),(74,'Hublot - Nam 821.CX.0140.RX',23972,22000,'Hublot watches are always made from expensive and rare materials, which makes the watch luxurious, plus special designs that give Hublot a unique, attractive beauty. everybody. This is also a high-end watch brand, appearing in the list of the most expensive watch brands in the world.','Nam',1,1,3,5,2,'d9a880c6ce52793e8f4881ce0449379e',10,NULL,NULL,NULL,NULL,NULL),(75,'Hublot - Nam 541.NX.1171.LR',14111,12000,'Hublot watches are always made from expensive and rare materials, which makes the watch luxurious, plus special designs that give Hublot a unique, attractive beauty. everybody. This is also a high-end watch brand, appearing in the list of the most expensive watch brands in the world.','Nam',1,1,3,6,2,'f0b1d954349b3a4f62aaa0bd44dc5efa',10,NULL,NULL,NULL,NULL,NULL),(82,'Casio Đôi – Quartz (Pin) – Dây Da (MTP-1308L-1AVDF – LTP-1308L-1AVDF)',200,150,'Casio model with double leather strap, elegant textured version, simple design, 3-hand 1-calendar function, luxurious silver-plated number line details stand out on the black dial background.','Cặp Đôi',2,1,1,5,1,'9f635e93efc740f807716f630b468ab4',10,NULL,NULL,NULL,NULL,NULL),(83,'Casio Đôi – Quartz (Pin) – Dây Da (MTP-1314L-8AVDF – LTP-1314L-8AVDF)',200,160,'Casio model with double leather strap, elegant textured version, simple design, 3-hand 1-calendar function, luxurious silver-plated number line details stand out on the black dial background.','Cặp Đôi',2,1,1,5,1,'dabe96846ebb266fddd80b486874e02a',8,NULL,NULL,NULL,NULL,NULL),(84,'Casio Đôi – Quartz (Pin) – Dây Kim Loại (MTP-V004D-7BUDF – LTP-V004D-7BUDF)',200,160,'The Casio pair model has a slim and fashionable design with a battery case of only 8mm, a simple white dial with 3 hands and 1 calendar.','Cặp Đôi',2,1,1,4,1,'14bb2283ca5728feea59f50d621b8098',10,NULL,NULL,NULL,NULL,NULL),(85,'Casio Đôi – Quartz (Pin) – Dây Da (MTP-V002GL-7B2UDF – LTP-V002GL-7B2UDF)',200,160,'The Casio model has a pair of leather straps with an elegant and luxurious pattern with a gold-plated battery case and a simple design with 3 hands and 1 calendar function on the dial.','Cặp Đôi',2,1,1,5,1,'ba7ee0ea007ab682e53d8e1b8ea6dd31',10,NULL,NULL,NULL,NULL,NULL),(86,'Casio Đôi – Quartz (Pin) – Dây Kim Loại (MTP-1215A-7ADF – LTP-1215A-7ADF)',200,160,'The double Casio model has a simple design with 3 hands and 1 calendar function on a white dial background, luxurious silver-tone plated metal strap.','Cặp Đôi',3,1,1,5,1,'bdae76ae4925ef30597412ae3b0cc247',10,NULL,NULL,NULL,NULL,NULL),(87,'Casio Đôi – Quartz (Pin) – Dây Da (MTP-1303L-7BVDF – LTP-1303L-7BVDF)',200,170,'Casio model with double leather strap, elegant textured version, simple design, 3-hand 1-calendar function, luxurious silver-plated number line details stand out on the black dial background.','Cặp Đôi',2,1,1,6,1,'c72ca3c03e523bdb04cc20695b29ead9',9,NULL,NULL,NULL,NULL,NULL),(88,'Calvin Klein Đôi – Quartz (Pin) – Dây Da (K7B216C6 – K7B236C6)',200,170,'The Calvin Klein model has a pair of youthful smooth leather straps combined with a rose gold-tone plated battery case.','Cặp Đôi',2,1,8,5,1,'e09fab578477585ee1b8af751f27d1d6',10,NULL,NULL,NULL,NULL,NULL),(89,'Casio Đôi – Quartz (Pin) – (MTP-V300G-1AUDF – LTP-V300G-1AUDF)',400,290,'Luxurious double gold-plated Casio model on the watch strap, unique design with calendar boxes creating a 6-hand design on the dial background.','Cặp Đôi',2,1,1,6,1,'7129033c6f7449aff1c3b636c3cc0b6f',10,NULL,NULL,NULL,NULL,NULL),(90,'Casio Đôi – Quartz (Pin) – Dây Kim Loại (MTP-V300G-7AUDF – LTP-V300G-7AUDF)',400,300,'Luxurious gold-plated double Casio model on watch case strap details, 6-hand style with outstanding design on white dial background.','Cặp Đôi',2,1,1,5,1,'4249e8f811df15c354885a600ec3eb5f',10,NULL,NULL,NULL,NULL,NULL),(91,'Casio Đôi – Quartz (Pin) – Dây Da (MTP-V300L-7A2UDF – LTP-V300L-7A2UDF)',350,300,'Casio model with double brown leather strap, fashionable smooth leather version, 3 apertures including calendar function, creating a unique 6-hand design on the dial background.','Cặp Đôi',2,1,1,6,1,'e3aedb698079ad0d2ee7ed0df12f1390',10,NULL,NULL,NULL,NULL,NULL),(92,'Citizen Đôi – Quartz (Pin) – Dây Kim Loại (BI5070-57H – EU6090-54H)',350,300,'The Citizen model has a black dial with a light ray pattern combined with hour markers to create a slim, youthful style.','Cặp Đôi',2,1,6,5,1,'990798b84ac47992304a5320310fcf6b',10,NULL,NULL,NULL,NULL,NULL),(93,'Casio Đôi – Quartz (Pin) – Dây Kim Loại (MTP-1183G-7ADF – LTP-1183G-7ADF)',200,180,'The Casio double gold strap demi model is a fashionable version with a slim design and the battery case is only 8mm thick.','Cặp Đôi',2,1,1,5,1,'e75b0cbc8e4b2c8b24d88e3a118a4eaf',10,NULL,NULL,NULL,NULL,NULL),(94,'Longines Flagship Đôi – Kính Sapphire – Automatic (Tự Động)',20000,19000,'The Longines Flagship Double watch has a shiny silver metal case and strap, laminated hands and numbers that stand out on an elegant white dial, and also has a date window at the 3 o\'clock position and Sapphire glass.','Cặp Đôi',1,1,11,6,2,'5269f8986a466868ddb887bc32129b96',10,NULL,NULL,NULL,NULL,NULL),(95,'Certina Đôi – Kính Sapphire – Automatic ',10000,9000,'The double Certina model has blue hands with striking fashion tones combined with innovative thin Roman numerals on a white dial background.','Cặp Đôi',1,1,7,5,2,'501b722d8845c16471f14b9ac1ed5a9e',10,NULL,NULL,NULL,NULL,NULL),(96,'Casio Đôi – Quartz (Pin) – Dây Kim Loại (MTP-1335D-7AVDF – LTP-1335D)',250,230,'Casio double model has a simple design with 3-needle function, outstanding with water resistance up to 5atm.','Cặp Đôi',2,1,1,6,1,'c36a301c934a6708a9a9ecf1742cb5a4',10,NULL,NULL,NULL,NULL,NULL),(97,'Calvin Klein Đôi – Quartz (Pin) – Dây Da (K7B211CY – K7B231CY)',500,450,'The Calvin Klein model has a pair of silver-plated battery cases with a youthful slim design of only 7mm, combined with a smooth leather strap.','Cặp Đôi',2,1,8,6,1,'c415985707c16c3a73164727118cd4ba',10,NULL,NULL,NULL,NULL,NULL),(98,'Citizen Đôi – Eco-Drive (Năng Lượng Ánh Sáng) – Dây Da (AW1211-12A – FE6011-14A)',200,190,'The Citizen pair model has a thin, student-shaped index base on a youthful, elegant white dial combined with a patterned brown leather strap.','Cặp Đôi',2,1,6,6,1,'0baa6a9e2402bda4b27ff72748860d58',10,NULL,NULL,NULL,NULL,NULL),(99,'Citizen Đôi – Quartz (Pin) – Dây Kim Loại (BI5074-56A – EU6094-53A)',250,240,'The Citizen double model is a youthful version with detailed hands and thin gold-plated number markers that stand out against the luxurious dial background.','Cặp Đôi',2,1,6,6,1,'20c811fa947550908111dcf905e6572e',10,NULL,NULL,NULL,NULL,NULL),(100,'Citizen Đôi – Quartz (Pin) – Dây Da (BI5072-01A – EU6092-08A)',234,220,'The Citizen model has a pair of gold-plated battery cases with a luxurious color tone that is equally youthful, with thin-shaped markers and needles.','Cặp Đôi',2,1,6,5,1,'34f3391fec8422be534cd32af2f29a20',10,NULL,NULL,NULL,NULL,NULL),(101,'Tissot PR 100 Đôi – Kính Sapphire – Quartz (Pin)',345,310,'The Tissot model has a luxurious silver-tone dual battery case with an outstanding design and water resistance up to 10atm.','Cặp Đôi',2,1,5,5,1,'c2ca50e35cfad7ae473304609daeff0a',10,NULL,NULL,NULL,NULL,NULL),(102,'Tissot Đôi – Kính Sapphire – Quartz (Pin)',1500,1400,'The Tissot double demi gold strap version has a fashionable design combined with a simple design with 3-hand function.','Cặp Đôi',2,1,5,5,1,'f685ebbb4ba8dc0ccded436c9c03d605',10,NULL,NULL,NULL,NULL,NULL),(103,'Tissot Đôi – Kính Sapphire – Quartz (Pin) – Dây Kim Loại',899,700,'The Tissot double version has an elegant patterned leather strap, silver-plated battery case with a thin design of only 7mm.','Cặp Đôi',2,1,5,6,1,'f9092bd3e40caf6baa3208bda008a78c',10,NULL,NULL,NULL,NULL,NULL),(104,'Tissot Đôi – Kính Sapphire – Quartz (Pin) – Dây Kim Loại',899,800,'The Tissot double version has a black Roman numeral base, creating a slim, youthful shape that stands out on the white dial background, and the silver-plated battery case is super thin at only 6mm.','Cặp Đôi',2,1,5,6,1,'0bdfc3d6f5bf40003dca2ca6f64b57ae',10,NULL,NULL,NULL,NULL,NULL),(105,'Seiko Đôi – Quartz (Pin) – Dây Kim Loại (SGEH90P1 – SXDH02P1)',688,650,'The Seiko model has two rose gold hour markers that stand out on the dial background, a luxurious silver-plated battery case and outstanding water resistance.','Cặp Đôi',2,1,4,6,1,'a5e0a17da673004aaba7ac90f795c477',10,NULL,NULL,NULL,NULL,NULL),(106,'Seiko Đôi – Solar (Năng Lượng Ánh Sáng)',450,400,'The Seiko Solar model has a pair of student numbers with a youthful stylized shape on a white dial background, battery version of the Solar (Light Energy) version.','Cặp Đôi',2,1,4,6,1,'d639956ad9430b15633132c37fa13f25',10,NULL,NULL,NULL,NULL,NULL),(107,'Citizen Đôi – Kính Sapphire – Eco-Drive (Năng Lượng Ánh Sáng)',2500,2300,'Citizen couple watch with simple hands and numbers on a Sapphire glass background, highlighted by a mysterious black dial background, case and silver metal strap, giving a simple and luxurious look.','Cặp Đôi',2,1,6,6,1,'cb7e0c7ebc275a2065071436af112685',10,NULL,NULL,NULL,NULL,NULL),(108,'Seiko - Nam SNKD99K1',200,190,'Seiko is a famous Japanese watch brand founded in 1882. Outstanding with mid-range automatic mechanical watches. Classic design, military style, exclusive Diashock anti-shock system. Power reserve range is 40 - 72 hours.','Nam',3,1,4,5,2,'1d2b03c4d7bd4e8cb03d5132cac02421',10,NULL,NULL,NULL,NULL,NULL),(109,'Seiko - Nam SNKP17J1',250,210,'Seiko is a famous Japanese watch brand founded in 1882. Outstanding with mid-range automatic mechanical watches. Classic design, military style, exclusive Diashock anti-shock system. Power reserve range is 40 - 72 hours.','Nam',3,1,4,6,2,'092593757170c343cf1531f56e22f9e9',10,NULL,NULL,NULL,NULL,NULL),(110,'Seiko - Nam SRPD53K1',450,430,'Seiko is a famous Japanese watch brand founded in 1882. Outstanding with mid-range automatic mechanical watches. Classic design, military style, exclusive Diashock anti-shock system. Power reserve range is 40 - 72 hours.','Nam',3,1,4,6,2,'7a4befaaa16cd3101a3d466be0667e7d',10,NULL,NULL,NULL,NULL,NULL),(111,'Seiko - Nam SNKP15J1',200,160,'Seiko is a famous Japanese watch brand founded in 1882. Outstanding with mid-range automatic mechanical watches. Classic design, military style, exclusive Diashock anti-shock system. Power reserve range is 40 - 72 hours.','Nam',3,1,4,5,2,'e8e9753e81497ab9bdc00914067e82ce',10,NULL,NULL,NULL,NULL,NULL),(112,'Seiko - Nam SNKE04K1',500,450,'Seiko is a famous Japanese watch brand founded in 1882. Outstanding with mid-range automatic mechanical watches. Classic design, military style, exclusive Diashock anti-shock system. Power reserve range is 40 - 72 hours.','Nam',3,1,4,5,2,'e97583dc48fc4e8dc23dd9d36fa03787',10,NULL,NULL,NULL,NULL,NULL),(113,'Seiko - Nam SNK809K1',200,190,'Seiko is a famous Japanese watch brand founded in 1882. Outstanding with mid-range automatic mechanical watches. Classic design, military style, exclusive Diashock anti-shock system. Power reserve range is 40 - 72 hours.','Nam',3,1,4,6,2,'118b1fae84f83ec9a236388cd6ca74fa',10,NULL,NULL,NULL,NULL,NULL),(114,'Seiko - Nam SRPD51K1 ',400,350,'Seiko is a famous Japanese watch brand founded in 1882. Outstanding with mid-range automatic mechanical watches. Classic design, military style, exclusive Diashock anti-shock system. Power reserve range is 40 - 72 hours.','Nam',3,1,4,6,2,'628b1d21d55220124e5b168634699ad6',10,NULL,NULL,NULL,NULL,NULL),(115,'Seiko - Nam SNK355K1',200,190,'Seiko is a famous Japanese watch brand founded in 1882. Outstanding with mid-range automatic mechanical watches. Classic design, military style, exclusive Diashock anti-shock system. Power reserve range is 40 - 72 hours.','Nam',3,1,4,5,2,'3cce9112928c138606aa0a3c8874f9b2',10,NULL,NULL,NULL,NULL,NULL),(116,'Seiko - Nam SNKP14J1',280,260,'Seiko is a famous Japanese watch brand founded in 1882. Outstanding with mid-range automatic mechanical watches. Classic design, military style, exclusive Diashock anti-shock system. Power reserve range is 40 - 72 hours.','Nam',3,1,5,6,2,'a666794672a2cd7d48d2038fd2e31ba8',10,NULL,NULL,NULL,NULL,NULL),(117,'Seiko - Nam SNK357K1',200,190,'Seiko is a famous Japanese watch brand founded in 1882. Outstanding with mid-range automatic mechanical watches. Classic design, military style, exclusive Diashock anti-shock system. Power reserve range is 40 - 72 hours.','Nam',3,1,4,4,2,'eb0da54bf1ed056018694432553af6fe',10,NULL,NULL,NULL,NULL,NULL),(118,'Seiko - Nam SRPD55K1',499,480,'Seiko is a famous Japanese watch brand founded in 1882. Outstanding with mid-range automatic mechanical watches. Classic design, military style, exclusive Diashock anti-shock system. Power reserve range is 40 - 72 hours.','Nam',3,1,4,6,2,'e9bdcf376333ef18fdcdd03d4294f688',10,NULL,NULL,NULL,NULL,NULL),(119,'Seiko - Nam SNKL75K1',200,190,'Seiko is a famous Japanese watch brand founded in 1882. Outstanding with mid-range automatic mechanical watches. Classic design, military style, exclusive Diashock anti-shock system. Power reserve range is 40 - 72 hours.','Nam',3,1,4,5,2,'a73a56b00a022618fd460c0fe0227d0b',10,NULL,NULL,NULL,NULL,NULL),(120,'Seiko - Nam SSK001K1',500,480,'Seiko is a famous Japanese watch brand founded in 1882. Outstanding with mid-range automatic mechanical watches. Classic design, military style, exclusive Diashock anti-shock system. Power reserve range is 40 - 72 hours.','Nam',3,1,4,6,2,'dcbccd30ffc4207d4a7be052d8c857e7',10,NULL,NULL,NULL,NULL,NULL),(121,'Seiko - Nam SSA365J1',200,190,'Seiko is a famous Japanese watch brand founded in 1882. Outstanding with mid-range automatic mechanical watches. Classic design, military style, exclusive Diashock anti-shock system. Power reserve range is 40 - 72 hours.','Nam',3,1,4,5,2,'07c075e1eb20e0f78f0175f43443ca63',10,NULL,NULL,NULL,NULL,NULL),(122,'Seiko - Nam SNK615K1',432,400,'Seiko is a famous Japanese watch brand founded in 1882. Outstanding with mid-range automatic mechanical watches. Classic design, military style, exclusive Diashock anti-shock system. Power reserve range is 40 - 72 hours.','Nam',3,1,4,4,2,'223f5b844a9d580befa3b5c7d56abb54',10,NULL,NULL,NULL,NULL,NULL),(123,'Seiko - Nữ SYMG42K1',250,200,'Seiko is a famous Japanese watch brand founded in 1882. Outstanding with mid-range automatic mechanical watches. Classic design, military style, exclusive Diashock anti-shock system. Power reserve range is 40 - 72 hours.','Nữ',2,1,4,2,2,'a45c8269da47f982bd21584563f89946',10,NULL,NULL,NULL,NULL,NULL),(124,'Seiko - Nữ SFQ803',300,260,'Seiko is a famous Japanese watch brand founded in 1882. Outstanding with mid-range automatic mechanical watches. Classic design, military style, exclusive Diashock anti-shock system. Power reserve range is 40 - 72 hours.','Nữ',2,1,4,2,2,'7d83fbaad5cb2f27822d1d3ca409cd22',10,NULL,NULL,NULL,NULL,NULL),(125,'Seiko - Nữ SUT207',150,130,'Seiko is a famous Japanese watch brand founded in 1882. Outstanding with mid-range automatic mechanical watches. Classic design, military style, exclusive Diashock anti-shock system. Power reserve range is 40 - 72 hours.','Nữ',2,1,4,2,2,'14c18c7156f56a8997201f5ead2d3afc',10,NULL,NULL,NULL,NULL,NULL),(126,'Seiko - Nữ SRP841J1',500,450,'Seiko is a famous Japanese watch brand founded in 1882. Outstanding with mid-range automatic mechanical watches. Classic design, military style, exclusive Diashock anti-shock system. Power reserve range is 40 - 72 hours.','Nữ',3,1,4,3,2,'4f7d5d1d080ddb97b492f74572d7950b',10,NULL,NULL,NULL,NULL,NULL),(127,'Seiko - Nữ SUT347',150,130,'Seiko is a famous Japanese watch brand founded in 1882. Outstanding with mid-range automatic mechanical watches. Classic design, military style, exclusive Diashock anti-shock system. Power reserve range is 40 - 72 hours.','Nữ',2,1,4,2,2,'9b75e00484956f9cfe9d089c6e47a59d',10,NULL,NULL,NULL,NULL,NULL),(128,'Seiko - Nữ SRP852J1',600,590,'Seiko is a famous Japanese watch brand founded in 1882. Outstanding with mid-range automatic mechanical watches. Classic design, military style, exclusive Diashock anti-shock system. Power reserve range is 40 - 72 hours.','Nữ',3,1,4,3,2,'37324901338b34796f2a9eb6ec3c7d6e',10,NULL,NULL,NULL,NULL,NULL),(129,'Seiko - Nữ SYMA06K1S',200,170,'Seiko is a famous Japanese watch brand founded in 1882. Outstanding with mid-range automatic mechanical watches. Classic design, military style, exclusive Diashock anti-shock system. Power reserve range is 40 - 72 hours.','Nữ',2,1,4,2,2,'9b00c05740b41ddb7b92a5d27526c41d',10,NULL,NULL,NULL,NULL,NULL),(130,'Seiko - Nữ SUR407P1',200,180,'Seiko is a famous Japanese watch brand founded in 1882. Outstanding with mid-range automatic mechanical watches. Classic design, military style, exclusive Diashock anti-shock system. Power reserve range is 40 - 72 hours.','Nữ',2,1,4,2,2,'56f40780255acc675137f3d11e9a0322',10,NULL,NULL,NULL,NULL,NULL),(131,'Seiko - Nữ SUT173',190,160,'Seiko is a famous Japanese watch brand founded in 1882. Outstanding with mid-range automatic mechanical watches. Classic design, military style, exclusive Diashock anti-shock system. Power reserve range is 40 - 72 hours.','Nữ',2,1,4,2,2,'7f5b245e9cbb52b9ad05f68236ccf26d',10,NULL,NULL,NULL,NULL,NULL),(132,'Seiko - Nữ SUR353P1',160,150,'Seiko is a famous Japanese watch brand founded in 1882. Outstanding with mid-range automatic mechanical watches. Classic design, military style, exclusive Diashock anti-shock system. Power reserve range is 40 - 72 hours.','Nữ',2,1,4,2,2,'fdfa283c44ab93bddbb1438ec8b531ee',10,NULL,NULL,NULL,NULL,NULL),(133,'Seiko - Nữ SFQ802P1',250,230,'Seiko is a famous Japanese watch brand founded in 1882. Outstanding with mid-range automatic mechanical watches. Classic design, military style, exclusive Diashock anti-shock system. Power reserve range is 40 - 72 hours.','Nữ',2,1,4,2,2,'bb4c1544b947c7885ca1f63130ad2e61',10,NULL,NULL,NULL,NULL,NULL),(134,'Seiko - Nữ SRP839J1',200,190,'Seiko is a famous Japanese watch brand founded in 1882. Outstanding with mid-range automatic mechanical watches. Classic design, military style, exclusive Diashock anti-shock system. Power reserve range is 40 - 72 hours.','Nữ',2,1,4,2,2,'62f526d7c0829c89285317aeca4620b9',10,NULL,NULL,NULL,NULL,NULL),(135,'Seiko - Nữ SYMA04K1',180,150,'Seiko is a famous Japanese watch brand founded in 1882. Outstanding with mid-range automatic mechanical watches. Classic design, military style, exclusive Diashock anti-shock system. Power reserve range is 40 - 72 hours.','Nữ',2,1,4,1,2,'8eca32db7d8785e40b59d7d0d2090046',10,NULL,NULL,NULL,NULL,NULL),(136,'Seiko - Nữ SYMA38K1',190,180,'Seiko is a famous Japanese watch brand founded in 1882. Outstanding with mid-range automatic mechanical watches. Classic design, military style, exclusive Diashock anti-shock system. Power reserve range is 40 - 72 hours.','Nữ',2,1,4,1,2,'8d54d0f20b8a0854fe5c551053978661',10,NULL,NULL,NULL,NULL,NULL),(137,'Seiko - Nữ SYME46K1',200,180,'Seiko is a famous Japanese watch brand founded in 1882. Outstanding with mid-range automatic mechanical watches. Classic design, military style, exclusive Diashock anti-shock system. Power reserve range is 40 - 72 hours.','Nữ',2,1,4,1,2,'1d343f6f6e5b29257e010b87f5738a56',10,NULL,NULL,NULL,NULL,NULL),(138,'Seiko - Nữ SRE004K1',400,359,'Seiko is a famous Japanese watch brand founded in 1882. Outstanding with mid-range automatic mechanical watches. Classic design, military style, exclusive Diashock anti-shock system. Power reserve range is 40 - 72 hours.','Nữ',2,1,4,2,2,'264c8390968a5adaf989c9d25e4b332b',10,NULL,NULL,NULL,NULL,NULL),(139,'Seiko - Nữ SUP393',200,150,'Seiko is a famous Japanese watch brand founded in 1882. Outstanding with mid-range automatic mechanical watches. Classic design, military style, exclusive Diashock anti-shock system. Power reserve range is 40 - 72 hours.','Nữ',2,1,4,2,2,'085a0cd619b64c90d3a6321568e2c09a',10,NULL,NULL,NULL,NULL,NULL),(140,'Seiko - Nữ SWR087P1',272,250,'Seiko is a famous Japanese watch brand founded in 1882. Outstanding with mid-range automatic mechanical watches. Classic design, military style, exclusive Diashock anti-shock system. Power reserve range is 40 - 72 hours.','Nữ',1,1,4,2,2,'bcbd18804e79c25b2e7f1072efd220be',10,NULL,NULL,NULL,NULL,NULL),(141,'Tissot - Nam T086.408.22.036.00',500,490,'Tissot is a famous Swiss luxury watch brand, born in 1853. Outstanding with mechanical/automatic and battery/quartz watches, mid-high-end prices. Elegant, classic design combined with modernity, exclusive Powermatic 80 movement. Power reserve 38 - 80 hours, battery life 3 - 5 years.','Nam',1,1,5,6,2,'6b5361649552d1a5b0ea9323b022fceb',10,NULL,NULL,NULL,NULL,NULL),(142,'Tissot - Nam T035.407.36.051.01',450,430,'Tissot is a famous Swiss luxury watch brand, born in 1853. Outstanding with mechanical/automatic and battery/quartz watches, mid-high-end prices. Elegant, classic design combined with modernity, exclusive Powermatic 80 movement. Power reserve 38 - 80 hours, battery life 3 - 5 years.','Nam',1,1,5,6,2,'7458435a21ce5ce6c4c4a0fc951aa84b',10,NULL,NULL,NULL,NULL,NULL),(143,'Tissot - Nam T086.407.22.261.00',450,430,'Tissot is a famous Swiss luxury watch brand, born in 1853. Outstanding with mechanical/automatic and battery/quartz watches, mid-high-end prices. Elegant, classic design combined with modernity, exclusive Powermatic 80 movement. Power reserve 38 - 80 hours, battery life 3 - 5 years.','Nam',1,1,5,6,2,'4f6254e424eb7ac25b4920c682e6dab7',10,NULL,NULL,NULL,NULL,NULL),(144,'Tissot - Nam T006.407.36.263.00',450,430,'Tissot is a famous Swiss luxury watch brand, born in 1853. Outstanding with mechanical/automatic and battery/quartz watches, mid-high-end prices. Elegant, classic design combined with modernity, exclusive Powermatic 80 movement. Power reserve 38 - 80 hours, battery life 3 - 5 years.','Nam',1,1,5,6,2,'87998136c0cb4861849dc40a7ac46711',10,NULL,NULL,NULL,NULL,NULL),(145,'Tissot - Nam T086.407.16.031.00',500,460,'Tissot is a famous Swiss luxury watch brand, born in 1853. Outstanding with mechanical/automatic and battery/quartz watches, mid-high-end prices. Elegant, classic design combined with modernity, exclusive Powermatic 80 movement. Power reserve 38 - 80 hours, battery life 3 - 5 years.','Nam',1,1,5,6,2,'19dbaa8576e543356a26b2b22fa5b1af',10,NULL,NULL,NULL,NULL,NULL),(146,'Tissot - Nam T086.407.11.061.00',480,450,'Tissot is a famous Swiss luxury watch brand, born in 1853. Outstanding with mechanical/automatic and battery/quartz watches, mid-high-end prices. Elegant, classic design combined with modernity, exclusive Powermatic 80 movement. Power reserve 38 - 80 hours, battery life 3 - 5 years.','Nam',1,1,5,5,2,'55eadae044ee341514291daa38767d61',10,NULL,NULL,NULL,NULL,NULL),(147,'Tissot - Nam T137.407.11.041.00',600,560,'Tissot is a famous Swiss luxury watch brand, born in 1853. Outstanding with mechanical/automatic and battery/quartz watches, mid-high-end prices. Elegant, classic design combined with modernity, exclusive Powermatic 80 movement. Power reserve 38 - 80 hours, battery life 3 - 5 years.','Nam',1,1,5,6,2,'e5e93ba6d15e592fb3c7331a70afd6fe',10,NULL,NULL,NULL,NULL,NULL),(148,'Tissot - Nam T006.407.22.036.00',750,700,'Tissot is a famous Swiss luxury watch brand, born in 1853. Outstanding with mechanical/automatic and battery/quartz watches, mid-high-end prices. Elegant, classic design combined with modernity, exclusive Powermatic 80 movement. Power reserve 38 - 80 hours, battery life 3 - 5 years.','Nam',1,1,5,6,2,'dba2578774a0bb312196b8123b0f87f6',10,NULL,NULL,NULL,NULL,NULL),(149,'Tissot - Nam T137.407.16.041.00',680,600,'Tissot is a famous Swiss luxury watch brand, born in 1853. Outstanding with mechanical/automatic and battery/quartz watches, mid-high-end prices. Elegant, classic design combined with modernity, exclusive Powermatic 80 movement. Power reserve 38 - 80 hours, battery life 3 - 5 years.','Nam',1,1,5,6,2,'30884cfb1caa5c821e2e0190795b2a2e',10,NULL,NULL,NULL,NULL,NULL),(150,'Tissot - Nam T099.429.11.038.00',650,630,'Tissot is a famous Swiss luxury watch brand, born in 1853. Outstanding with mechanical/automatic and battery/quartz watches, mid-high-end prices. Elegant, classic design combined with modernity, exclusive Powermatic 80 movement. Power reserve 38 - 80 hours, battery life 3 - 5 years.','Nam',1,1,5,6,2,'c6a7d1771c05b28b727f55a47e69e5c8',10,NULL,NULL,NULL,NULL,NULL),(151,'Tissot - Nam T108.408.33.037.00',689,650,'Tissot is a famous Swiss luxury watch brand, born in 1853. Outstanding with mechanical/automatic and battery/quartz watches, mid-high-end prices. Elegant, classic design combined with modernity, exclusive Powermatic 80 movement. Power reserve 38 - 80 hours, battery life 3 - 5 years.','Nam',1,1,5,6,2,'735d50e233e234984c19fe3989262f4b',10,NULL,NULL,NULL,NULL,NULL),(152,'Tissot - Nam T006.407.16.033.00',720,700,'Tissot is a famous Swiss luxury watch brand, born in 1853. Outstanding with mechanical/automatic and battery/quartz watches, mid-high-end prices. Elegant, classic design combined with modernity, exclusive Powermatic 80 movement. Power reserve 38 - 80 hours, battery life 3 - 5 years.','Nam',1,1,5,6,2,'b16a09d77c7a8428d1d117f768a94926',10,NULL,NULL,NULL,NULL,NULL),(153,'Tissot - Nam T006.407.22.033.00',700,680,'Tissot is a famous Swiss luxury watch brand, born in 1853. Outstanding with mechanical/automatic and battery/quartz watches, mid-high-end prices. Elegant, classic design combined with modernity, exclusive Powermatic 80 movement. Power reserve 38 - 80 hours, battery life 3 - 5 years.','Nam',1,1,5,5,2,'2f168ac1576ce7525998affd6a1111ed',10,NULL,NULL,NULL,NULL,NULL),(154,'Tissot - Nam T035.407.11.031.01',500,450,'Tissot is a famous Swiss luxury watch brand, born in 1853. Outstanding with mechanical/automatic and battery/quartz watches, mid-high-end prices. Elegant, classic design combined with modernity, exclusive Powermatic 80 movement. Power reserve 38 - 80 hours, battery life 3 - 5 years.','Nam',1,1,5,6,2,'ad7bac8dc9065f939eac96084dabb927',10,NULL,NULL,NULL,NULL,NULL),(155,'Tissot - Nam T137.407.21.031.00',720,680,'Tissot is a famous Swiss luxury watch brand, born in 1853. Outstanding with mechanical/automatic and battery/quartz watches, mid-high-end prices. Elegant, classic design combined with modernity, exclusive Powermatic 80 movement. Power reserve 38 - 80 hours, battery life 3 - 5 years.','Nam',1,1,5,6,2,'b1529d27ec3ce187f21602215ad3c58f',10,NULL,NULL,NULL,NULL,NULL),(157,'Tissot - Nam T137.407.11.091.00',720,680,'Tissot is a famous Swiss luxury watch brand, born in 1853. Outstanding with mechanical/automatic and battery/quartz watches, mid-high-end prices. Elegant, classic design combined with modernity, exclusive Powermatic 80 movement. Power reserve 38 - 80 hours, battery life 3 - 5 years.','Nam',1,1,5,6,2,'69ffbcbaa2cf36ad8c2209e28516f5b0',10,NULL,NULL,NULL,NULL,NULL),(158,'Tissot - Nam T006.407.11.033.00',710,680,'Tissot is a famous Swiss luxury watch brand, born in 1853. Outstanding with mechanical/automatic and battery/quartz watches, mid-high-end prices. Elegant, classic design combined with modernity, exclusive Powermatic 80 movement. Power reserve 38 - 80 hours, battery life 3 - 5 years.','Nam',1,1,5,6,2,'1e7ae2c67b56e161aaf4414e59821589',10,NULL,NULL,NULL,NULL,NULL),(159,'Tissot - Nam T035.407.22.011.01',560,500,'Tissot is a famous Swiss luxury watch brand, born in 1853. Outstanding with mechanical/automatic and battery/quartz watches, mid-high-end prices. Elegant, classic design combined with modernity, exclusive Powermatic 80 movement. Power reserve 38 - 80 hours, battery life 3 - 5 years.','Nam',1,1,5,6,2,'f5b2dcc50ffeaf4b6b8c4b9a7a0ffe17',10,NULL,NULL,NULL,NULL,NULL),(160,'Tissot - Nam T137.410.11.091.01',672,650,'Tissot is a famous Swiss luxury watch brand, born in 1853. Outstanding with mechanical/automatic and battery/quartz watches, mid-high-end prices. Elegant, classic design combined with modernity, exclusive Powermatic 80 movement. Power reserve 38 - 80 hours, battery life 3 - 5 years.','Nam',1,1,5,6,2,'3964011c957995bccef9109d84adedb7',10,NULL,NULL,NULL,NULL,NULL),(161,'Tissot - Nam T137.410.11.031.00',678,650,'Tissot is a famous Swiss luxury watch brand, born in 1853. Outstanding with mechanical/automatic and battery/quartz watches, mid-high-end prices. Elegant, classic design combined with modernity, exclusive Powermatic 80 movement. Power reserve 38 - 80 hours, battery life 3 - 5 years.','Nam',1,1,5,6,2,'eb9af61581426a35b15f1a0a3f8a10d8',10,NULL,NULL,NULL,NULL,NULL),(162,'Tissot - Nữ T050.207.37.017.04',560,550,'Tissot is a famous Swiss luxury watch brand, born in 1853. Outstanding with mechanical/automatic and battery/quartz watches, mid-high-end prices. Elegant, classic design combined with modernity, exclusive Powermatic 80 movement. Power reserve 38 - 80 hours, battery life 3 - 5 years.','Nữ',1,1,5,3,2,'6556893e81f316013b2952e23cb0947f',10,NULL,NULL,NULL,NULL,NULL),(163,'Tissot - Nữ T050.207.17.117.05',500,450,'Tissot is a famous Swiss luxury watch brand, born in 1853. Outstanding with mechanical/automatic and battery/quartz watches, mid-high-end prices. Elegant, classic design combined with modernity, exclusive Powermatic 80 movement. Power reserve 38 - 80 hours, battery life 3 - 5 years.','Nữ',1,1,5,3,2,'64de839b9d0587074c4b32399d6ba252',10,NULL,NULL,NULL,NULL,NULL),(164,'Tissot - Nữ T050.207.11.117.05',500,450,'Tissot is a famous Swiss luxury watch brand, born in 1853. Outstanding with mechanical/automatic and battery/quartz watches, mid-high-end prices. Elegant, classic design combined with modernity, exclusive Powermatic 80 movement. Power reserve 38 - 80 hours, battery life 3 - 5 years.','Nữ',1,1,5,3,2,'c4d29803ee88f115cb23ccb8d97d9bd1',10,NULL,NULL,NULL,NULL,NULL),(165,'Tissot - Nữ T108.208.22.117.01',500,450,'Tissot is a famous Swiss luxury watch brand, born in 1853. Outstanding with mechanical/automatic and battery/quartz watches, mid-high-end prices. Elegant, classic design combined with modernity, exclusive Powermatic 80 movement. Power reserve 38 - 80 hours, battery life 3 - 5 years.','Nữ',1,1,5,2,2,'236d31d1bace70b8ac2907e9af48ef16',10,NULL,NULL,NULL,NULL,NULL),(166,'Tissot - Nữ T050.207.11.011.04',500,450,'Tissot is a famous Swiss luxury watch brand, born in 1853. Outstanding with mechanical/automatic and battery/quartz watches, mid-high-end prices. Elegant, classic design combined with modernity, exclusive Powermatic 80 movement. Power reserve 38 - 80 hours, battery life 3 - 5 years.','Nữ',1,1,5,3,2,'8bc0b3e32f8bbe911d20c1d6470846d4',10,NULL,NULL,NULL,NULL,NULL),(167,'Tissot - Nữ T086.207.16.116.00',450,400,'Tissot is a famous Swiss luxury watch brand, born in 1853. Outstanding with mechanical/automatic and battery/quartz watches, mid-high-end prices. Elegant, classic design combined with modernity, exclusive Powermatic 80 movement. Power reserve 38 - 80 hours, battery life 3 - 5 years.','Nữ',1,1,5,2,2,'cb291a83e7e98ff235eb9d8f10dc675d',10,NULL,NULL,NULL,NULL,NULL),(168,'Tissot - Nữ T035.207.16.031.01',450,400,'Tissot is a famous Swiss luxury watch brand, born in 1853. Outstanding with mechanical/automatic and battery/quartz watches, mid-high-end prices. Elegant, classic design combined with modernity, exclusive Powermatic 80 movement. Power reserve 38 - 80 hours, battery life 3 - 5 years.','Nữ',1,1,5,3,2,'cb175d62e7082d67e9a534868a9c52ef',10,NULL,NULL,NULL,NULL,NULL),(169,'Tissot - Nữ T41.1.123.57',450,400,'Tissot is a famous Swiss luxury watch brand, born in 1853. Outstanding with mechanical/automatic and battery/quartz watches, mid-high-end prices. Elegant, classic design combined with modernity, exclusive Powermatic 80 movement. Power reserve 38 - 80 hours, battery life 3 - 5 years.','Nữ',1,1,5,2,2,'4566728fe12fda69ff366cf1a85387ce',10,NULL,NULL,NULL,NULL,NULL),(170,'Tissot - Nữ T063.009.16.018.00',400,390,'Tissot is a famous Swiss luxury watch brand, born in 1853. Outstanding with mechanical/automatic and battery/quartz watches, mid-high-end prices. Elegant, classic design combined with modernity, exclusive Powermatic 80 movement. Power reserve 38 - 80 hours, battery life 3 - 5 years.','Nữ',1,1,5,2,2,'39750255f05bf9c3cb1f9fc0c71897c0',10,NULL,NULL,NULL,NULL,NULL),(171,'Tissot - Nữ T108.208.33.117.00',580,450,'Tissot is a famous Swiss luxury watch brand, born in 1853. Outstanding with mechanical/automatic and battery/quartz watches, mid-high-end prices. Elegant, classic design combined with modernity, exclusive Powermatic 80 movement. Power reserve 38 - 80 hours, battery life 3 - 5 years.','Nữ',1,1,5,2,2,'790019f2e6910a37b2637a996ff880b2',10,NULL,NULL,NULL,NULL,NULL),(172,'Tissot - Nữ T086.207.16.111.00',500,450,'Tissot is a famous Swiss luxury watch brand, born in 1853. Outstanding with mechanical/automatic and battery/quartz watches, mid-high-end prices. Elegant, classic design combined with modernity, exclusive Powermatic 80 movement. Power reserve 38 - 80 hours, battery life 3 - 5 years.','Nữ',1,1,5,3,2,'2555ab234fda25bfb33b818748daca54',10,NULL,NULL,NULL,NULL,NULL),(173,'Tissot - Nữ T108.208.26.117.00',450,400,'Tissot is a famous Swiss luxury watch brand, born in 1853. Outstanding with mechanical/automatic and battery/quartz watches, mid-high-end prices. Elegant, classic design combined with modernity, exclusive Powermatic 80 movement. Power reserve 38 - 80 hours, battery life 3 - 5 years.','Nữ',1,1,5,2,2,'816bbc374307d4f4a97f9a0abeaca117',10,NULL,NULL,NULL,NULL,NULL),(174,'Tissot - Nữ T035.210.16.031.00',565,540,'Tissot is a famous Swiss luxury watch brand, born in 1853. Outstanding with mechanical/automatic and battery/quartz watches, mid-high-end prices. Elegant, classic design combined with modernity, exclusive Powermatic 80 movement. Power reserve 38 - 80 hours, battery life 3 - 5 years.','Nữ',1,1,5,3,2,'1e8970d4ea5de54a0fc45fa5e31e261f',10,NULL,NULL,NULL,NULL,NULL),(175,'Tissot - Nữ T099.207.16.116.00',500,450,'Tissot is a famous Swiss luxury watch brand, born in 1853. Outstanding with mechanical/automatic and battery/quartz watches, mid-high-end prices. Elegant, classic design combined with modernity, exclusive Powermatic 80 movement. Power reserve 38 - 80 hours, battery life 3 - 5 years.','Nữ',1,1,5,2,2,'d268979cfa6b4633df512e0943cf0026',10,NULL,NULL,NULL,NULL,NULL),(176,'Tissot - Nữ T086.207.16.261.00',500,460,'Tissot is a famous Swiss luxury watch brand, born in 1853. Outstanding with mechanical/automatic and battery/quartz watches, mid-high-end prices. Elegant, classic design combined with modernity, exclusive Powermatic 80 movement. Power reserve 38 - 80 hours, battery life 3 - 5 years.','Nữ',1,1,5,2,2,'ca114a17d7cc0d28ca17e73f03d19bf7',10,NULL,NULL,NULL,NULL,NULL),(177,'Citizen - Nam NH8350-59L',200,190,'Citizen is a famous Japanese watch brand, born in 1918. Outstanding with its exclusive Eco Drive solar watch, mid-range price. Modern design, with exclusive Parashock anti-shock system. Battery life 8 - 10 years.','Nam',2,1,6,6,1,'df91e226708ad457514a359e75633c2d',10,NULL,NULL,NULL,NULL,NULL),(178,'Citizen - Nam AU1062-56E',250,180,'Citizen is a famous Japanese watch brand, born in 1918. Outstanding with its exclusive Eco Drive solar watch, mid-range price. Modern design, with exclusive Parashock anti-shock system. Battery life 8 - 10 years.','Nam',1,1,6,6,1,'5190bca1c2f130b6da224dfb8403e158',10,NULL,NULL,NULL,NULL,NULL),(179,'Citizen - Nam BF2011-01E',200,160,'Citizen is a famous Japanese watch brand, born in 1918. Outstanding with its exclusive Eco Drive solar watch, mid-range price. Modern design, with exclusive Parashock anti-shock system. Battery life 8 - 10 years.','Nam',2,1,6,6,1,'4234b6afbf9c0359beda2fd8ca677af3',10,NULL,NULL,NULL,NULL,NULL),(180,'Citizen - Nam NH8350-08A',220,190,'Citizen is a famous Japanese watch brand, born in 1918. Outstanding with its exclusive Eco Drive solar watch, mid-range price. Modern design, with exclusive Parashock anti-shock system. Battery life 8 - 10 years.','Nam',2,1,6,6,1,'17fcb007d19fa77d6bdfef066168eca8',10,NULL,NULL,NULL,NULL,NULL),(181,'Citizen - Nam BI5000-10E',250,210,'Citizen is a famous Japanese watch brand, born in 1918. Outstanding with its exclusive Eco Drive solar watch, mid-range price. Modern design, with exclusive Parashock anti-shock system. Battery life 8 - 10 years.','Nam',2,1,6,6,1,'482b4475076a0de84d6de9cc154525f3',10,NULL,NULL,NULL,NULL,NULL),(182,'Citizen - Nam AW1430-86E',200,190,'Citizen is a famous Japanese watch brand, born in 1918. Outstanding with its exclusive Eco Drive solar watch, mid-range price. Modern design, with exclusive Parashock anti-shock system. Battery life 8 - 10 years.','Nam',2,1,6,6,1,'d51905e58e7564d9fff4fdad091e23c0',10,NULL,NULL,NULL,NULL,NULL),(183,'Citizen - Nam BM7480-13X',250,210,'Citizen is a famous Japanese watch brand, born in 1918. Outstanding with its exclusive Eco Drive solar watch, mid-range price. Modern design, with exclusive Parashock anti-shock system. Battery life 8 - 10 years.','Nam',2,1,6,6,1,'aca948df78f112ae9113501370ca3486',10,NULL,NULL,NULL,NULL,NULL),(184,'Citizen - Nam BM7256-50E',200,190,'Citizen is a famous Japanese watch brand, born in 1918. Outstanding with its exclusive Eco Drive solar watch, mid-range price. Modern design, with exclusive Parashock anti-shock system. Battery life 8 - 10 years.','Nam',2,1,6,6,1,'a7c99f4083b072278aee5c6d9c8af2c3',10,NULL,NULL,NULL,NULL,NULL),(185,'Citizen - Nam AU1062-05E',250,210,'Citizen is a famous Japanese watch brand, born in 1918. Outstanding with its exclusive Eco Drive solar watch, mid-range price. Modern design, with exclusive Parashock anti-shock system. Battery life 8 - 10 years.','Nam',2,1,6,6,1,'f43e2dabe2c52ebe9f87149e1118801c',10,NULL,NULL,NULL,NULL,NULL),(186,'Citizen - Nam BI5006-81L',200,190,'Citizen is a famous Japanese watch brand, born in 1918. Outstanding with its exclusive Eco Drive solar watch, mid-range price. Modern design, with exclusive Parashock anti-shock system. Battery life 8 - 10 years.','Nam',2,1,6,6,1,'e23a680f8a506ac2d593c065b9dae950',10,NULL,NULL,NULL,NULL,NULL),(187,'Citizen - Nam NH8354-58A',250,190,'Citizen is a famous Japanese watch brand, born in 1918. Outstanding with its exclusive Eco Drive solar watch, mid-range price. Modern design, with exclusive Parashock anti-shock system. Battery life 8 - 10 years.','Nam',2,1,6,6,1,'281c1f5e2300b08d8739a12096fa298f',10,NULL,NULL,NULL,NULL,NULL),(188,'Citizen - Nam NJ0150-81L',250,210,'Citizen is a famous Japanese watch brand, born in 1918. Outstanding with its exclusive Eco Drive solar watch, mid-range price. Modern design, with exclusive Parashock anti-shock system. Battery life 8 - 10 years.','Nam',2,1,6,6,2,'d831d4527003ba709f05d6d7172a6c6b',10,NULL,NULL,NULL,NULL,NULL),(189,'Citizen - Nam NH8394-70H',240,190,'Citizen is a famous Japanese watch brand, born in 1918. Outstanding with its exclusive Eco Drive solar watch, mid-range price. Modern design, with exclusive Parashock anti-shock system. Battery life 8 - 10 years.','Nam',2,1,6,6,2,'36448188346b709f784e21fc07a7721c',10,NULL,NULL,NULL,NULL,NULL),(190,'Citizen - Nam AK5003-05A',200,190,'Citizen is a famous Japanese watch brand, born in 1918. Outstanding with its exclusive Eco Drive solar watch, mid-range price. Modern design, with exclusive Parashock anti-shock system. Battery life 8 - 10 years.','Nam',2,1,6,6,2,'7a5022840d4d49d2d8d281f7fb76e3d5',10,NULL,NULL,NULL,NULL,NULL),(191,'Citizen - Nam AK5000-03A',200,190,'Citizen is a famous Japanese watch brand, born in 1918. Outstanding with its exclusive Eco Drive solar watch, mid-range price. Modern design, with exclusive Parashock anti-shock system. Battery life 8 - 10 years.','Nam',2,1,6,6,2,'f7340a8469b65e7ef87728fbd6308a67',10,NULL,NULL,NULL,NULL,NULL),(192,'Citizen - Nữ FA2010-14D',200,190,'Citizen is a famous Japanese watch brand, born in 1918. Outstanding with its exclusive Eco Drive solar watch, mid-range price. Modern design, with exclusive Parashock anti-shock system. Battery life 8 - 10 years.','Nữ',1,1,6,3,1,'b166ada346e27f1e0f4c3bc545601bbc',10,NULL,NULL,NULL,NULL,NULL),(193,'Citizen - Nữ EU6060-55D',150,130,'Citizen is a famous Japanese watch brand, born in 1918. Outstanding with its exclusive Eco Drive solar watch, mid-range price. Modern design, with exclusive Parashock anti-shock system. Battery life 8 - 10 years.','Nữ',1,1,6,2,2,'759296be96d739c1442899f0c58e13a6',10,NULL,NULL,NULL,NULL,NULL),(194,'Citizen - Nữ EM0710-54Y',150,130,'Citizen is a famous Japanese watch brand, born in 1918. Outstanding with its exclusive Eco Drive solar watch, mid-range price. Modern design, with exclusive Parashock anti-shock system. Battery life 8 - 10 years.','Nữ',1,1,6,2,2,'f0d578d835c70102f70b9498808a6fcd',10,NULL,NULL,NULL,NULL,NULL),(195,'Citizen - Nữ EM0320-59D',400,350,'Citizen is a famous Japanese watch brand, born in 1918. Outstanding with its exclusive Eco Drive solar watch, mid-range price. Modern design, with exclusive Parashock anti-shock system. Battery life 8 - 10 years.','Nữ',1,1,6,2,2,'515b3d368010c503f1edeb46b986006c',10,NULL,NULL,NULL,NULL,NULL),(196,'Citizen - Nữ EU6062-50D',200,190,'Citizen is a famous Japanese watch brand, born in 1918. Outstanding with its exclusive Eco Drive solar watch, mid-range price. Modern design, with exclusive Parashock anti-shock system. Battery life 8 - 10 years.','Nữ',1,1,6,2,2,'8043b7b011c7a047448df69e2bc26128',10,NULL,NULL,NULL,NULL,NULL),(197,'Citizen - Nữ EU6064-54D',200,190,'Citizen is a famous Japanese watch brand, born in 1918. Outstanding with its exclusive Eco Drive solar watch, mid-range price. Modern design, with exclusive Parashock anti-shock system. Battery life 8 - 10 years.','Nữ',1,1,6,2,2,'25438a8a31b8e80c2f23352169c7cb35',10,NULL,NULL,NULL,NULL,NULL),(198,'Citizen - Nữ EZ7003-51X',210,190,'Citizen is a famous Japanese watch brand, born in 1918. Outstanding with its exclusive Eco Drive solar watch, mid-range price. Modern design, with exclusive Parashock anti-shock system. Battery life 8 - 10 years.','Nữ',1,1,6,2,2,'db7bedf695a9da08662c844d3dcc6acc',10,NULL,NULL,NULL,NULL,NULL),(199,'Citizen - Nữ EX1484-57D',200,190,'Citizen is a famous Japanese watch brand, born in 1918. Outstanding with its exclusive Eco Drive solar watch, mid-range price. Modern design, with exclusive Parashock anti-shock system. Battery life 8 - 10 years.','Nữ',1,1,6,2,2,'8a4e7dcc41dfe394b5d6f529564b0610',10,NULL,NULL,NULL,NULL,NULL),(200,'Citizen - Nữ EW5552-53D',200,180,'Citizen is a famous Japanese watch brand, born in 1918. Outstanding with its exclusive Eco Drive solar watch, mid-range price. Modern design, with exclusive Parashock anti-shock system. Battery life 8 - 10 years.','Nữ',1,4,6,2,1,'47b45a47ac01cef3c62991f26201800f',10,NULL,NULL,NULL,NULL,NULL),(201,'Citizen - Nữ EW5551-56N',200,180,'Citizen is a famous Japanese watch brand, born in 1918. Outstanding with its exclusive Eco Drive solar watch, mid-range price. Modern design, with exclusive Parashock anti-shock system. Battery life 8 - 10 years.','Nữ',2,4,6,2,1,'d492817bca778b6fe48e2f3a3820abf5',10,NULL,NULL,NULL,NULL,NULL),(202,'Citizen - Nữ EW5596-66X',200,180,'Citizen is a famous Japanese watch brand, born in 1918. Outstanding with its exclusive Eco Drive solar watch, mid-range price. Modern design, with exclusive Parashock anti-shock system. Battery life 8 - 10 years.','Nữ',2,4,6,2,1,'238b8f231a1716d4bd947423b2fc10ca',10,NULL,NULL,NULL,NULL,NULL),(203,'Citizen - Nữ EM0498-57D',200,180,'Citizen is a famous Japanese watch brand, born in 1918. Outstanding with its exclusive Eco Drive solar watch, mid-range price. Modern design, with exclusive Parashock anti-shock system. Battery life 8 - 10 years.','Nữ',2,4,6,3,1,'20950b34a7baf0c51d3049b586488930',10,NULL,NULL,NULL,NULL,NULL),(204,'Citizen - Nữ FD1030-56Y',200,180,'Citizen is a famous Japanese watch brand, born in 1918. Outstanding with its exclusive Eco Drive solar watch, mid-range price. Modern design, with exclusive Parashock anti-shock system. Battery life 8 - 10 years.','Nữ',1,1,6,2,2,'ce420c3269de6fa325c89042c87c85bc',10,NULL,NULL,NULL,NULL,NULL),(205,'Citizen - Nữ GA1052-55E',300,180,'Citizen is a famous Japanese watch brand, born in 1918. Outstanding with its exclusive Eco Drive solar watch, mid-range price. Modern design, with exclusive Parashock anti-shock system. Battery life 8 - 10 years.','Nữ',1,1,6,2,2,'cfaba5551c0d41defb5a024b6f20265c',34,NULL,NULL,NULL,NULL,NULL),(206,'Citizen - Nữ FD1030-56Y',200,180,'Citizen is a famous Japanese watch brand, born in 1918. Outstanding with its exclusive Eco Drive solar watch, mid-range price. Modern design, with exclusive Parashock anti-shock system. Battery life 8 - 10 years.','Nữ',2,1,6,2,1,'fa2368010eac5f3e837ce6d29f832225',23,NULL,NULL,NULL,NULL,NULL),(207,'Citizen - Nữ EU6094-53A',350,180,'Citizen is a famous Japanese watch brand, born in 1918. Outstanding with its exclusive Eco Drive solar watch, mid-range price. Modern design, with exclusive Parashock anti-shock system. Battery life 8 - 10 years.','Nữ',3,1,6,2,2,'9d028da844557f500ac979d438cdde31',44,NULL,NULL,NULL,NULL,NULL),(208,'Citizen - Nữ EM0840-59N',245,180,'Citizen is a famous Japanese watch brand, born in 1918. Outstanding with its exclusive Eco Drive solar watch, mid-range price. Modern design, with exclusive Parashock anti-shock system. Battery life 8 - 10 years.','Nữ',2,1,6,2,2,'be3fa4a25484db96aecb6c035d58ec0a',23,NULL,NULL,NULL,NULL,NULL),(209,'Citizen - Nữ EQ0608-55E',145,120,'Citizen is a famous Japanese watch brand, born in 1918. Outstanding with its exclusive Eco Drive solar watch, mid-range price. Modern design, with exclusive Parashock anti-shock system. Battery life 8 - 10 years.','Nữ',2,1,6,2,2,'a4fffa46b68cd99be6401e30473addd4',42,NULL,NULL,NULL,NULL,NULL),(210,'Certina - Nam C032.807.22.041.10',1000,980,'Certina is a high-end Swiss sports watch brand, born in 1888. Outstanding with Automatic mechanical watches, Quartz batteries at mid-range prices. Strong, durable design with exclusive DS dual protection mechanism. Power reserve 38 - 80 hours, lifespan 2 - 5 years.','Nam',1,1,7,5,2,'e6bc7279ecd779c4f9b0fb489ce1b50d',14,NULL,NULL,NULL,NULL,NULL),(211,'Certina - Nam C032.807.22.051.00',1000,980,'Certina is a high-end Swiss sports watch brand, born in 1888. Outstanding with Automatic mechanical watches, Quartz batteries at mid-range prices. Strong, durable design with exclusive DS dual protection mechanism. Power reserve 38 - 80 hours, lifespan 2 - 5 years.','Nam',1,1,7,6,2,'3bdf4d2d3bf8eb84d625bd696ca0d5c1',51,NULL,NULL,NULL,NULL,NULL),(212,'Certina - Nam C032.807.11.041.00',880,800,'Certina is a high-end Swiss sports watch brand, born in 1888. Outstanding with Automatic mechanical watches, Quartz batteries at mid-range prices. Strong, durable design with exclusive DS dual protection mechanism. Power reserve 38 - 80 hours, lifespan 2 - 5 years.','Nam',1,1,7,6,2,'423d09673e6f0b6ac95b4f88828acce9',23,NULL,NULL,NULL,NULL,NULL),(213,'Certina - Nam C032.807.22.051.01',980,800,'Certina is a high-end Swiss sports watch brand, born in 1888. Outstanding with Automatic mechanical watches, Quartz batteries at mid-range prices. Strong, durable design with exclusive DS dual protection mechanism. Power reserve 38 - 80 hours, lifespan 2 - 5 years.','Nam',1,1,7,5,2,'0fce2c161669fdb405fc4b9822fa4a58',42,NULL,NULL,NULL,NULL,NULL),(214,'Certina - Nam C035.410.16.057.00',680,600,'Certina is a high-end Swiss sports watch brand, born in 1888. Outstanding with Automatic mechanical watches, Quartz batteries at mid-range prices. Strong, durable design with exclusive DS dual protection mechanism. Power reserve 38 - 80 hours, lifespan 2 - 5 years.','Nam',3,1,7,6,2,'6f9f5845b0f0422155dc3890c8fd2e94',32,NULL,NULL,NULL,NULL,NULL),(215,'Certina - Nam C033.457.16.031.00',720,680,'Certina is a high-end Swiss sports watch brand, born in 1888. Outstanding with Automatic mechanical watches, Quartz batteries at mid-range prices. Strong, durable design with exclusive DS dual protection mechanism. Power reserve 38 - 80 hours, lifespan 2 - 5 years.','Nam',1,1,7,6,2,'4ba8d44b8e951d39d9712b96597afddf',22,NULL,NULL,NULL,NULL,NULL),(216,'Certina - Nam C035.410.22.037.02',550,500,'Certina is a high-end Swiss sports watch brand, born in 1888. Outstanding with Automatic mechanical watches, Quartz batteries at mid-range prices. Strong, durable design with exclusive DS dual protection mechanism. Power reserve 38 - 80 hours, lifespan 2 - 5 years.','Nam',3,1,7,7,2,'3f63b1ea37e613b31067542531d7ec7c',32,NULL,NULL,NULL,NULL,NULL),(217,'Certina - Nam C035.410.36.087.00',450,430,'Certina is a high-end Swiss sports watch brand, born in 1888. Outstanding with Automatic mechanical watches, Quartz batteries at mid-range prices. Strong, durable design with exclusive DS dual protection mechanism. Power reserve 38 - 80 hours, lifespan 2 - 5 years.','Nam',3,1,7,5,2,'2755d29c78b703a06ace6468c40b19a4',11,NULL,NULL,NULL,NULL,NULL),(218,'Certina - Nam C032.430.11.041.00',840,800,'Certina is a high-end Swiss sports watch brand, born in 1888. Outstanding with Automatic mechanical watches, Quartz batteries at mid-range prices. Strong, durable design with exclusive DS dual protection mechanism. Power reserve 38 - 80 hours, lifespan 2 - 5 years.','Nam',1,1,7,7,2,'6fc7ab28b293d7206dcf55b910bf463d',21,NULL,NULL,NULL,NULL,NULL),(219,'Certina - Nam C035.407.16.037.01',650,600,'Certina is a high-end Swiss sports watch brand, born in 1888. Outstanding with Automatic mechanical watches, Quartz batteries at mid-range prices. Strong, durable design with exclusive DS dual protection mechanism. Power reserve 38 - 80 hours, lifespan 2 - 5 years.','Nam',1,1,7,5,2,'1cad91c7b8ecc545f3f4b08accdac286',12,NULL,NULL,NULL,NULL,NULL),(220,'Certina - Nam C024.410.11.031.20',580,550,'Certina is a high-end Swiss sports watch brand, born in 1888. Outstanding with Automatic mechanical watches, Quartz batteries at mid-range prices. Strong, durable design with exclusive DS dual protection mechanism. Power reserve 38 - 80 hours, lifespan 2 - 5 years.','Nam',3,1,7,6,2,'2fa9cc1f5b0e37b90b0c448d5e66732f',41,NULL,NULL,NULL,NULL,NULL),(221,'Certina - Nam C029.807.16.031.60',870,800,'Certina is a high-end Swiss sports watch brand, born in 1888. Outstanding with Automatic mechanical watches, Quartz batteries at mid-range prices. Strong, durable design with exclusive DS dual protection mechanism. Power reserve 38 - 80 hours, lifespan 2 - 5 years.','Nam',1,1,7,6,2,'ba35bb534f0a8e7e85487708fcc71c63',16,NULL,NULL,NULL,NULL,NULL),(222,'Certina - Nam C014.407.11.081.01',650,640,'Certina is a high-end Swiss sports watch brand, born in 1888. Outstanding with Automatic mechanical watches, Quartz batteries at mid-range prices. Strong, durable design with exclusive DS dual protection mechanism. Power reserve 38 - 80 hours, lifespan 2 - 5 years.','Nam',3,1,7,5,2,'6e86648767f52b4adab652ca4605248d',16,NULL,NULL,NULL,NULL,NULL),(223,'Certina - Nam C032.807.11.051.00',980,940,'Certina is a high-end Swiss sports watch brand, born in 1888. Outstanding with Automatic mechanical watches, Quartz batteries at mid-range prices. Strong, durable design with exclusive DS dual protection mechanism. Power reserve 38 - 80 hours, lifespan 2 - 5 years.','Nam',1,1,7,6,2,'cbfe2cba6a7c941623ee890b0e00939f',14,NULL,NULL,NULL,NULL,NULL),(224,'Certina - Nam C036.407.11.050.01',720,680,'Certina is a high-end Swiss sports watch brand, born in 1888. Outstanding with Automatic mechanical watches, Quartz batteries at mid-range prices. Strong, durable design with exclusive DS dual protection mechanism. Power reserve 38 - 80 hours, lifespan 2 - 5 years.','Nam',1,1,7,5,2,'3cf2ee3cee8b0c9ae81819c933f6c2f0',13,NULL,NULL,NULL,NULL,NULL),(225,'Certina - Nam C033.451.22.031.00',600,550,'Certina is a high-end Swiss sports watch brand, born in 1888. Outstanding with Automatic mechanical watches, Quartz batteries at mid-range prices. Strong, durable design with exclusive DS dual protection mechanism. Power reserve 38 - 80 hours, lifespan 2 - 5 years.','Nam',3,1,7,5,2,'0a9a4412f3f23f7236cfb2d195185e4a',16,NULL,NULL,NULL,NULL,NULL),(226,'Certina - Nam C029.807.11.031.02',622,550,'Certina is a high-end Swiss sports watch brand, born in 1888. Outstanding with Automatic mechanical watches, Quartz batteries at mid-range prices. Strong, durable design with exclusive DS dual protection mechanism. Power reserve 38 - 80 hours, lifespan 2 - 5 years.','Nam',1,1,7,5,2,'be347ac72e850a121768e27deca4918f',26,NULL,NULL,NULL,NULL,NULL),(227,'Certina - Nam C035.407.11.037.00',750,680,'Certina is a high-end Swiss sports watch brand, born in 1888. Outstanding with Automatic mechanical watches, Quartz batteries at mid-range prices. Strong, durable design with exclusive DS dual protection mechanism. Power reserve 38 - 80 hours, lifespan 2 - 5 years.','Nam',1,1,7,5,2,'2d1e37d4494698f2ccbc3f3a94b5c941',25,NULL,NULL,NULL,NULL,NULL),(228,'Certina - Nam C032.407.11.041.00',1100,1000,'Certina is a high-end Swiss sports watch brand, born in 1888. Outstanding with Automatic mechanical watches, Quartz batteries at mid-range prices. Strong, durable design with exclusive DS dual protection mechanism. Power reserve 38 - 80 hours, lifespan 2 - 5 years.','Nam',3,1,7,6,2,'fee7e822d827841448187fc9fac407bf',23,NULL,NULL,NULL,NULL,NULL),(229,'Certina - Nam C033.451.11.041.00',900,800,'Certina is a high-end Swiss sports watch brand, born in 1888. Outstanding with Automatic mechanical watches, Quartz batteries at mid-range prices. Strong, durable design with exclusive DS dual protection mechanism. Power reserve 38 - 80 hours, lifespan 2 - 5 years.','Nam',3,1,7,6,2,'640e39280a5fdad9a8ab4573a8fe9a4e',22,NULL,NULL,NULL,NULL,NULL),(230,'Certina - Nam C001.310.16.297.00',800,700,'Certina is a high-end Swiss sports watch brand, born in 1888. Outstanding with Automatic mechanical watches, Quartz batteries at mid-range prices. Strong, durable design with exclusive DS dual protection mechanism. Power reserve 38 - 80 hours, lifespan 2 - 5 years.','Nam',2,2,7,6,2,'58d8dde5f64ab5ffb0efd656fd04eb58',23,NULL,NULL,NULL,NULL,NULL),(231,'Certina - Nam C032.429.18.041.00',900,800,'Certina is a high-end Swiss sports watch brand, born in 1888. Outstanding with Automatic mechanical watches, Quartz batteries at mid-range prices. Strong, durable design with exclusive DS dual protection mechanism. Power reserve 38 - 80 hours, lifespan 2 - 5 years.','Nam',3,1,7,6,2,'b8153ae44b18ae4689d0856a8ca85db8',24,NULL,NULL,NULL,NULL,NULL),(232,'Certina - Nam C024.407.37.361.00',800,700,'Certina is a high-end Swiss sports watch brand, born in 1888. Outstanding with Automatic mechanical watches, Quartz batteries at mid-range prices. Strong, durable design with exclusive DS dual protection mechanism. Power reserve 38 - 80 hours, lifespan 2 - 5 years.','Nam',1,3,7,6,2,'bbb67295b8029e7fda703a2a10a55180',26,NULL,NULL,NULL,NULL,NULL),(233,'Certina - Nam C036.407.16.050.00',1300,1200,'Certina is a high-end Swiss sports watch brand, born in 1888. Outstanding with Automatic mechanical watches, Quartz batteries at mid-range prices. Strong, durable design with exclusive DS dual protection mechanism. Power reserve 38 - 80 hours, lifespan 2 - 5 years.','Nam',3,1,7,6,2,'38cee9c456fb2c14cdf98cc96c5982fe',27,NULL,NULL,NULL,NULL,NULL),(234,'Certina - Nữ C033.257.36.118.00',600,500,'Certina is a high-end Swiss sports watch brand, born in 1888. Outstanding with Automatic mechanical watches, Quartz batteries at mid-range prices. Strong, durable design with exclusive DS dual protection mechanism. Power reserve 38 - 80 hours, lifespan 2 - 5 years.','Nữ',3,1,7,2,2,'397243d1bc90fa630d7bf4d6cdf541e6',28,NULL,NULL,NULL,NULL,NULL),(235,'Certina - Nữ C033.251.55.031.00',720,700,'Certina is a high-end Swiss sports watch brand, born in 1888. Outstanding with Automatic mechanical watches, Quartz batteries at mid-range prices. Strong, durable design with exclusive DS dual protection mechanism. Power reserve 38 - 80 hours, lifespan 2 - 5 years.','Nữ',1,1,7,2,2,'09531bfeee0ef63b8be61d0f2f209122',23,NULL,NULL,NULL,NULL,NULL),(236,'Certina - Nữ C035.207.16.037.01',600,590,'Certina is a high-end Swiss sports watch brand, born in 1888. Outstanding with Automatic mechanical watches, Quartz batteries at mid-range prices. Strong, durable design with exclusive DS dual protection mechanism. Power reserve 38 - 80 hours, lifespan 2 - 5 years.','Nữ',3,1,7,1,2,'b2d5cc751bdff22bda36041c0fe8f26f',24,NULL,NULL,NULL,NULL,NULL),(237,'Certina - Nữ C001.007.36.116.00',560,540,'Certina is a high-end Swiss sports watch brand, born in 1888. Outstanding with Automatic mechanical watches, Quartz batteries at mid-range prices. Strong, durable design with exclusive DS dual protection mechanism. Power reserve 38 - 80 hours, lifespan 2 - 5 years.','Nữ',3,1,7,2,2,'ff88804273ef03d7342b4f3e2741ad25',32,NULL,NULL,NULL,NULL,NULL),(238,'Certina - Nữ C032.207.22.296.00',800,700,'Certina is a high-end Swiss sports watch brand, born in 1888. Outstanding with Automatic mechanical watches, Quartz batteries at mid-range prices. Strong, durable design with exclusive DS dual protection mechanism. Power reserve 38 - 80 hours, lifespan 2 - 5 years.','Nữ',1,1,7,2,2,'8e02a9dfa08b475650292236e0aeb17a',23,NULL,NULL,NULL,NULL,NULL),(239,'Certina - Nữ C035.207.22.037.02',790,690,'Certina is a high-end Swiss sports watch brand, born in 1888. Outstanding with Automatic mechanical watches, Quartz batteries at mid-range prices. Strong, durable design with exclusive DS dual protection mechanism. Power reserve 38 - 80 hours, lifespan 2 - 5 years.','Nữ',3,1,7,2,2,'d466b04ddd010986d2fba9571a3f53d4',32,NULL,NULL,NULL,NULL,NULL),(240,'Certina - Nữ C034.210.36.117.00',500,450,'Certina is a high-end Swiss sports watch brand, born in 1888. Outstanding with Automatic mechanical watches, Quartz batteries at mid-range prices. Strong, durable design with exclusive DS dual protection mechanism. Power reserve 38 - 80 hours, lifespan 2 - 5 years.','Nữ',1,1,7,2,2,'c811d909c04ca3ea82e07bb6254abade',43,NULL,NULL,NULL,NULL,NULL),(241,'Certina - Nữ C033.051.36.128.00',600,550,'Certina is a high-end Swiss sports watch brand, born in 1888. Outstanding with Automatic mechanical watches, Quartz batteries at mid-range prices. Strong, durable design with exclusive DS dual protection mechanism. Power reserve 38 - 80 hours, lifespan 2 - 5 years.','Nữ',1,1,7,1,2,'fc1c5fcdc8aa5b1f97517cc6a85722cf',32,NULL,NULL,NULL,NULL,NULL),(242,'Certina - Nữ C035.007.22.117.02',760,600,'Certina is a high-end Swiss sports watch brand, born in 1888. Outstanding with Automatic mechanical watches, Quartz batteries at mid-range prices. Strong, durable design with exclusive DS dual protection mechanism. Power reserve 38 - 80 hours, lifespan 2 - 5 years.','Nữ',3,1,7,2,2,'6b7b2cbdcd04a117bd9d4e307aa7d0d5',12,NULL,NULL,NULL,NULL,NULL),(243,'Certina - Nữ C033.234.36.118.00',500,450,'Certina is a high-end Swiss sports watch brand, born in 1888. Outstanding with Automatic mechanical watches, Quartz batteries at mid-range prices. Strong, durable design with exclusive DS dual protection mechanism. Power reserve 38 - 80 hours, lifespan 2 - 5 years.','Nữ',1,1,7,2,2,'fae5094a94376c1cb5ea0d9b3b22d67b',21,NULL,NULL,NULL,NULL,NULL),(244,'Certina - Nữ C001.007.36.116.02',460,400,'Certina is a high-end Swiss sports watch brand, born in 1888. Outstanding with Automatic mechanical watches, Quartz batteries at mid-range prices. Strong, durable design with exclusive DS dual protection mechanism. Power reserve 38 - 80 hours, lifespan 2 - 5 years.','Nữ',1,1,7,2,2,'bdd42a3f565e4521876e542754f753b8',21,NULL,NULL,NULL,NULL,NULL),(245,'Certina - Nữ C025.210.16.118.01',510,430,'Certina is a high-end Swiss sports watch brand, born in 1888. Outstanding with Automatic mechanical watches, Quartz batteries at mid-range prices. Strong, durable design with exclusive DS dual protection mechanism. Power reserve 38 - 80 hours, lifespan 2 - 5 years.','Nữ',3,1,7,2,2,'718e33e59996b7b2d53e5a255b7e2e35',32,NULL,NULL,NULL,NULL,NULL),(246,'Certina - Nữ C033.257.11.118.00',550,500,'Certina is a high-end Swiss sports watch brand, born in 1888. Outstanding with Automatic mechanical watches, Quartz batteries at mid-range prices. Strong, durable design with exclusive DS dual protection mechanism. Power reserve 38 - 80 hours, lifespan 2 - 5 years.','Nữ',3,1,7,2,2,'eac51337a66811071f74b9c703511194',24,NULL,NULL,NULL,NULL,NULL),(247,'Certina - Nữ C001.007.11.113.00',600,500,'Certina is a high-end Swiss sports watch brand, born in 1888. Outstanding with Automatic mechanical watches, Quartz batteries at mid-range prices. Strong, durable design with exclusive DS dual protection mechanism. Power reserve 38 - 80 hours, lifespan 2 - 5 years.','Nữ',3,1,7,2,2,'a55d56828885eb23d5f54ffcf1e36f3b',25,NULL,NULL,NULL,NULL,NULL),(248,'Certina - Nữ C034.210.36.127.00',450,400,'Certina is a high-end Swiss sports watch brand, born in 1888. Outstanding with Automatic mechanical watches, Quartz batteries at mid-range prices. Strong, durable design with exclusive DS dual protection mechanism. Power reserve 38 - 80 hours, lifespan 2 - 5 years.','Nữ',1,1,7,2,2,'ba0edb3bf09aa74266aae0c9a11a04db',23,NULL,NULL,NULL,NULL,NULL),(249,'Certina - Nữ C032.051.11.036.00',720,700,'Certina is a high-end Swiss sports watch brand, born in 1888. Outstanding with Automatic mechanical watches, Quartz batteries at mid-range prices. Strong, durable design with exclusive DS dual protection mechanism. Power reserve 38 - 80 hours, lifespan 2 - 5 years.','Nữ',1,1,7,2,2,'e84f520292fdc4250eaba8e0ccd699ba',12,NULL,NULL,NULL,NULL,NULL),(250,'Daniel Klein - Nam DK.1.12861-6',100,80,'Daniel Klein is a watch company founded in 1973 in South Africa. The brand owns typical product lines such as “Daniel Klein Trendy, Daniel Klein Premium, Daniel Klein Premium Ladies','Nam',2,1,8,5,1,'7cc261862975efa87ad9eed85db7953d',12,NULL,NULL,NULL,NULL,NULL),(251,'Daniel Klein - Nam DK.1.12625.4',80,60,'Daniel Klein is a watch company founded in 1973 in South Africa. The brand owns typical product lines such as “Daniel Klein Trendy, Daniel Klein Premium, Daniel Klein Premium Ladies','Nam',2,1,8,6,1,'68cf348b6354d5796611031f00174cb1',32,NULL,NULL,NULL,NULL,NULL),(252,'Daniel Klein - Nam DK.1.12819-6',120,80,'Daniel Klein is a watch company founded in 1973 in South Africa. The brand owns typical product lines such as “Daniel Klein Trendy, Daniel Klein Premium, Daniel Klein Premium Ladies','Nam',2,1,8,6,1,'372a4e9e5d32730811af857b073ee452',12,NULL,NULL,NULL,NULL,NULL),(253,'Daniel Klein - Nam DK.1.12624.3',90,70,'Daniel Klein is a watch company founded in 1973 in South Africa. The brand owns typical product lines such as “Daniel Klein Trendy, Daniel Klein Premium, Daniel Klein Premium Ladies','Nam',2,1,8,5,1,'73da1452d7f52e0bc82d7aec1bcdc6f7',12,NULL,NULL,NULL,NULL,NULL),(254,'Daniel Klein - Nam DK.1.12624.4',80,60,'Daniel Klein is a watch company founded in 1973 in South Africa. The brand owns typical product lines such as “Daniel Klein Trendy, Daniel Klein Premium, Daniel Klein Premium Ladies','Nam',2,1,8,6,1,'b6cf92e210b4eadc8c73430be57a97dd',12,NULL,NULL,NULL,NULL,NULL),(255,'Daniel Klein - Nam DK.1.12626.5',110,100,'Daniel Klein is a watch company founded in 1973 in South Africa. The brand owns typical product lines such as “Daniel Klein Trendy, Daniel Klein Premium, Daniel Klein Premium Ladies','Nam',2,1,8,6,1,'df71ab57d4826816352e03fb363e158a',12,NULL,NULL,NULL,NULL,NULL),(256,'Daniel Klein - Nam DK.1.12878-1',100,90,'Daniel Klein is a watch company founded in 1973 in South Africa. The brand owns typical product lines such as “Daniel Klein Trendy, Daniel Klein Premium, Daniel Klein Premium Ladies','Nam',2,1,8,6,1,'2ab48a1d917a9352afc5a9d4eb63517e',12,NULL,NULL,NULL,NULL,NULL),(257,'Daniel Klein - Nam DK.1.12878-5',90,80,'Daniel Klein is a watch company founded in 1973 in South Africa. The brand owns typical product lines such as “Daniel Klein Trendy, Daniel Klein Premium, Daniel Klein Premium Ladies','Nam',2,1,8,6,1,'e094b2c046121b6b56416bd812d3e437',12,NULL,NULL,NULL,NULL,NULL),(258,'Daniel Klein - Nam DK.1.12625.6',72,60,'Daniel Klein is a watch company founded in 1973 in South Africa. The brand owns typical product lines such as “Daniel Klein Trendy, Daniel Klein Premium, Daniel Klein Premium Ladies','Nam',2,1,8,5,1,'7dcea06faefe3655b495565fb15a2fbe',12,NULL,NULL,NULL,NULL,NULL),(259,'Daniel Klein - Nam DK12105-2',80,50,'Daniel Klein is a watch company founded in 1973 in South Africa. The brand owns typical product lines such as “Daniel Klein Trendy, Daniel Klein Premium, Daniel Klein Premium Ladies','Nam',2,1,8,5,1,'c0e87ee111c76bd346ae6b6b44119b90',42,NULL,NULL,NULL,NULL,NULL),(260,'Daniel Klein - Nam DK11820-3',70,60,'Daniel Klein is a watch company founded in 1973 in South Africa. The brand owns typical product lines such as “Daniel Klein Trendy, Daniel Klein Premium, Daniel Klein Premium Ladies','Nam',2,1,8,6,1,'1ecca4d83bd22b3d9104d17cc92f8292',32,NULL,NULL,NULL,NULL,NULL),(261,'Daniel Klein - Nam DK12133-4',89,80,'Daniel Klein is a watch company founded in 1973 in South Africa. The brand owns typical product lines such as “Daniel Klein Trendy, Daniel Klein Premium, Daniel Klein Premium Ladies','Nam',2,1,8,6,1,'753a9929710c5f683a30bb9bebae4561',21,NULL,NULL,NULL,NULL,NULL),(262,'Daniel Klein - Nam DK12128-4',90,60,'Daniel Klein is a watch company founded in 1973 in South Africa. The brand owns typical product lines such as “Daniel Klein Trendy, Daniel Klein Premium, Daniel Klein Premium Ladies','Nam',2,1,8,7,1,'fba3cef660a3eab6c6fe85ad0a07f994',21,NULL,NULL,NULL,NULL,NULL),(263,'Daniel Klein - Nam DK12121-6',68,50,'Daniel Klein is a watch company founded in 1973 in South Africa. The brand owns typical product lines such as “Daniel Klein Trendy, Daniel Klein Premium, Daniel Klein Premium Ladies','Nam',2,1,8,6,1,'605baaa9dec0c6b89e25d20834d0fe20',21,NULL,NULL,NULL,NULL,NULL),(264,'Daniel Klein - Nam DK12105-3',80,70,'Daniel Klein is a watch company founded in 1973 in South Africa. The brand owns typical product lines such as “Daniel Klein Trendy, Daniel Klein Premium, Daniel Klein Premium Ladies','Nam',2,1,8,6,1,'4ca73877f9b3f6e5c64c007d4281a446',21,NULL,NULL,NULL,NULL,NULL),(524,'Daniel Klein - Nữ DK.1.12262.2',100,90,'Daniel Klein is a watch company founded in 1973 in South Africa. The brand owns typical product lines such as “Daniel Klein Trendy, Daniel Klein Premium, Daniel Klein Premium Ladies','Nữ',2,1,8,2,1,'2ec2d7d30df88db6f7c64eaab16b65f3',25,NULL,NULL,NULL,NULL,NULL),(525,'Daniel Klein - Nữ DK.1.12529.2',98,90,'Daniel Klein is a watch company founded in 1973 in South Africa. The brand owns typical product lines such as “Daniel Klein Trendy, Daniel Klein Premium, Daniel Klein Premium Ladies','Nữ',2,1,8,2,1,'62c406d7fc8013fdc63aa2945a8de481',25,NULL,NULL,NULL,NULL,NULL),(526,'Daniel Klein - Nữ DK12059-1',100,80,'Daniel Klein is a watch company founded in 1973 in South Africa. The brand owns typical product lines such as “Daniel Klein Trendy, Daniel Klein Premium, Daniel Klein Premium Ladies','Nữ',2,1,8,2,1,'d0df0ff7925559a6ee2ea159de0318fa',25,NULL,NULL,NULL,NULL,NULL),(527,'Daniel Klein - Nữ DK.1.12544.5',150,140,'Daniel Klein is a watch company founded in 1973 in South Africa. The brand owns typical product lines such as “Daniel Klein Trendy, Daniel Klein Premium, Daniel Klein Premium Ladies','Nữ',2,1,8,3,1,'bf0140e6374ca59b0f73c4df8edea426',25,NULL,NULL,NULL,NULL,NULL),(528,'Daniel Klein - Nữ DK.1.12529.3',120,100,'Daniel Klein is a watch company founded in 1973 in South Africa. The brand owns typical product lines such as “Daniel Klein Trendy, Daniel Klein Premium, Daniel Klein Premium Ladies','Nữ',2,1,8,3,1,'bf2a07c7442823aa11cde82f090078a4',25,NULL,NULL,NULL,NULL,NULL),(529,'Daniel Klein - Nữ DK.1.12533.1',200,190,'Daniel Klein is a watch company founded in 1973 in South Africa. The brand owns typical product lines such as “Daniel Klein Trendy, Daniel Klein Premium, Daniel Klein Premium Ladies','Nữ',2,1,8,3,1,'428ce33d3b69d53f07b8b5a35b7343b0',25,NULL,NULL,NULL,NULL,NULL),(530,'Daniel Klein - Nữ DK.1.12533.4',120,100,'Daniel Klein is a watch company founded in 1973 in South Africa. The brand owns typical product lines such as “Daniel Klein Trendy, Daniel Klein Premium, Daniel Klein Premium Ladies','Nữ',2,1,8,2,1,'a3714a98eff5c82bf49517ccffdd1d79',25,NULL,NULL,NULL,NULL,NULL),(531,'Daniel Klein - Nữ DK.1.12792-1',140,120,'Daniel Klein is a watch company founded in 1973 in South Africa. The brand owns typical product lines such as “Daniel Klein Trendy, Daniel Klein Premium, Daniel Klein Premium Ladies','Nữ',2,1,8,3,1,'b99ad542d5ba3de34b7cc32cc9805ce6',25,NULL,NULL,NULL,NULL,NULL),(532,'Daniel Klein - Nữ DK.1.12531.4',111,100,'Daniel Klein is a watch company founded in 1973 in South Africa. The brand owns typical product lines such as “Daniel Klein Trendy, Daniel Klein Premium, Daniel Klein Premium Ladies','Nữ',2,1,8,2,1,'98791c36c547a78cd9aaf7208c7c754c',25,NULL,NULL,NULL,NULL,NULL),(533,'Daniel Klein - Nữ DK.1.12536.5',125,100,'Daniel Klein is a watch company founded in 1973 in South Africa. The brand owns typical product lines such as “Daniel Klein Trendy, Daniel Klein Premium, Daniel Klein Premium Ladies','Nữ',2,1,8,2,1,'bd81606f4665e00f479ef41220767e93',25,NULL,NULL,NULL,NULL,NULL),(534,'Daniel Klein - Nữ DK.1.12621.6',126,100,'Daniel Klein is a watch company founded in 1973 in South Africa. The brand owns typical product lines such as “Daniel Klein Trendy, Daniel Klein Premium, Daniel Klein Premium Ladies','Nữ',2,1,8,2,1,'6b79f6d4debd1c149a9322779b56e683',25,NULL,NULL,NULL,NULL,NULL),(535,'Daniel Klein - Nữ DK.1.12541.1',155,120,'Daniel Klein is a watch company founded in 1973 in South Africa. The brand owns typical product lines such as “Daniel Klein Trendy, Daniel Klein Premium, Daniel Klein Premium Ladies','Nữ',2,1,8,3,1,'dfc56dcf93120af834184b7bfd2a8eed',25,NULL,NULL,NULL,NULL,NULL),(536,'Daniel Klein - Nữ DK.1.12847-2',200,140,'Daniel Klein is a watch company founded in 1973 in South Africa. The brand owns typical product lines such as “Daniel Klein Trendy, Daniel Klein Premium, Daniel Klein Premium Ladies','Nữ',2,1,8,2,1,'88a5d0df60690788835f68a7466baf6b',25,NULL,NULL,NULL,NULL,NULL),(537,'Daniel Klein - Nữ DK.1.12551.1',120,100,'Daniel Klein is a watch company founded in 1973 in South Africa. The brand owns typical product lines such as “Daniel Klein Trendy, Daniel Klein Premium, Daniel Klein Premium Ladies','Nữ',2,1,8,3,1,'b67ac16d4d6e2f3d9530b02baafa4747',25,NULL,NULL,NULL,NULL,NULL),(538,'Daniel Klein - Nữ DK.1.12528.4',200,150,'Daniel Klein is a watch company founded in 1973 in South Africa. The brand owns typical product lines such as “Daniel Klein Trendy, Daniel Klein Premium, Daniel Klein Premium Ladies','Nữ',2,1,8,2,1,'a11ecece5b1856c91516ed17643eb1bc',25,NULL,NULL,NULL,NULL,NULL),(539,'Daniel Klein - Nữ DK.1.12536.4',200,190,'Daniel Klein is a watch company founded in 1973 in South Africa. The brand owns typical product lines such as “Daniel Klein Trendy, Daniel Klein Premium, Daniel Klein Premium Ladies','Nữ',2,1,8,2,1,'b9adf05a810206217e5bbdda48e2b7f3',25,NULL,NULL,NULL,NULL,NULL),(540,'Daniel Klein - Nữ DK.1.12536.3',200,160,'Daniel Klein is a watch company founded in 1973 in South Africa. The brand owns typical product lines such as “Daniel Klein Trendy, Daniel Klein Premium, Daniel Klein Premium Ladies','Nữ',2,1,8,3,1,'b56fb1705d6035f745aafc7a59bf59c2',25,NULL,NULL,NULL,NULL,NULL),(541,'Daniel Klein - Nữ DK.1.13022-3',150,130,'Daniel Klein is a watch company founded in 1973 in South Africa. The brand owns typical product lines such as “Daniel Klein Trendy, Daniel Klein Premium, Daniel Klein Premium Ladies','Nữ',2,1,8,2,1,'0109af10b8f4f2c0b486c5a70faa104c',25,NULL,NULL,NULL,NULL,NULL),(542,'Daniel Klein - Nữ DK.1.12848-2',120,100,'Daniel Klein is a watch company founded in 1973 in South Africa. The brand owns typical product lines such as “Daniel Klein Trendy, Daniel Klein Premium, Daniel Klein Premium Ladies','Nữ',2,1,8,2,1,'bcf223dd4e939ace4349e5df2ac39533',25,NULL,NULL,NULL,NULL,NULL),(543,'Daniel Klein - Nữ DK12071-6',150,140,'Daniel Klein is a watch company founded in 1973 in South Africa. The brand owns typical product lines such as “Daniel Klein Trendy, Daniel Klein Premium, Daniel Klein Premium Ladies','Nữ',2,1,8,3,1,'90d9d2ae32aa531a02b127833c27d5a8',25,NULL,NULL,NULL,NULL,NULL),(544,'Daniel Klein - Nữ DK.1.12560.1',200,190,'Daniel Klein is a watch company founded in 1973 in South Africa. The brand owns typical product lines such as “Daniel Klein Trendy, Daniel Klein Premium, Daniel Klein Premium Ladies','Nữ',2,1,8,2,1,'ba34895b211183c01f6584b89431b49f',25,NULL,NULL,NULL,NULL,NULL),(545,'Daniel Klein - Nữ DK.1.12529.1',200,190,'Daniel Klein is a watch company founded in 1973 in South Africa. The brand owns typical product lines such as “Daniel Klein Trendy, Daniel Klein Premium, Daniel Klein Premium Ladies','Nữ',2,1,8,3,1,'e21ec3c8b748fd878d3cbc72004520aa',25,NULL,NULL,NULL,NULL,NULL),(546,'Daniel Klein - Nữ DK.1.12540.1',160,150,'Daniel Klein is a watch company founded in 1973 in South Africa. The brand owns typical product lines such as “Daniel Klein Trendy, Daniel Klein Premium, Daniel Klein Premium Ladies','Nữ',2,1,8,3,1,'0ed4882bff6ce51ae761f31fb5688d56',25,NULL,NULL,NULL,NULL,NULL),(547,'Daniel Klein - Nữ DK.1.12826-1',250,200,'Daniel Klein is a watch company founded in 1973 in South Africa. The brand owns typical product lines such as “Daniel Klein Trendy, Daniel Klein Premium, Daniel Klein Premium Ladies','Nữ',2,1,8,3,1,'1703a7f85a6f2256b230bebf9d25d1e4',25,NULL,NULL,NULL,NULL,NULL),(548,'Daniel Klein - Nữ DK.1.12554.1',250,200,'Daniel Klein is a watch company founded in 1973 in South Africa. The brand owns typical product lines such as “Daniel Klein Trendy, Daniel Klein Premium, Daniel Klein Premium Ladies','Nữ',2,1,8,3,1,'fe1fbcf6cf7cb36c07e1e0194e17fd20',25,NULL,NULL,NULL,NULL,NULL),(549,'Omega Olympic Games Paris 2024',16872,13000,'This 43 mm model is a tribute to the Olympic Games Paris 2024 and features the three main colours of the event, including gold, black and white. The timepiece is crafted in stainless steel with a silvery white opaline dial and blackened subdials. Additional features include a black anodized aluminium bezel ring with tachymeter scale, Arabic numerals in 18K Moonshine™ Gold, and leaf-shaped hands and subdial hands that are PVD Moonshine™ Gold treated.','Nam',1,1,9,6,2,'51c61595649d9d03dfa88b1391a3c349',22,'https://www.omegawatches.com/media/catalog/product/o/m/omega-speedmaster-chronoscope-co-axial-master-chronometer-chronograph-43_mm-52230435102001-portrait-1-5e33c0.png?w=720','https://www.omegawatches.com/media/catalog/product/o/m/omega-speedmaster-chronoscope-co-axial-master-chronometer-chronograph-43_mm-52230435102001-portrait-2-4ad9d5.png?w=720','https://www.omegawatches.com/media/catalog/product/o/m/omega-speedmaster-chronoscope-co-axial-master-chronometer-chronograph-43_mm-52230435102001-portrait-3-6e51fc.png?w=720','https://www.omegawatches.com/media/catalog/product/o/m/omega-speedmaster-chronoscope-co-axial-master-chronometer-chronograph-43_mm-52230435102001-portrait-4-cc9007.png?w=720','https://www.omegawatches.com/media/catalog/product/o/m/omega-speedmaster-chronoscope-co-axial-master-chronometer-chronograph-43_mm-52230435102001-portrait-5-177f22.png?w=720'),(550,'Omega - Nam 231.53.42.22.02.001',10000,9000,'Omega is a mid-range Swiss luxury watch brand, born in 1848. Outstanding with Automatic mechanical watches, Quartz batteries at mid-high-end prices. Luxurious, elegant design, high precision machine that is COSC certified. Power reserve 40 - 80 hours, battery life 2 - 4 years.','Nam',1,1,9,6,2,'2e03a4bb8ca711f65749088a83961210',25,NULL,NULL,NULL,NULL,NULL),(551,'Omega - Nam 210.30.42.20.06.001',12000,9000,'Omega is a mid-range Swiss luxury watch brand, born in 1848. Outstanding with Automatic mechanical watches, Quartz batteries at mid-high-end prices. Luxurious, elegant design, high precision machine that is COSC certified. Power reserve 40 - 80 hours, battery life 2 - 4 years.','Nam',1,1,9,6,2,'21ab4a8ac49cd0603767f2e936e33166',25,NULL,NULL,NULL,NULL,NULL),(552,'Omega - Nam 231.10.39.21.57.001',9000,8000,'Omega is a mid-range Swiss luxury watch brand, born in 1848. Outstanding with Automatic mechanical watches, Quartz batteries at mid-high-end prices. Luxurious, elegant design, high precision machine that is COSC certified. Power reserve 40 - 80 hours, battery life 2 - 4 years.','Nam',1,1,9,5,2,'709aeb91142da49e203488caf8c19621',25,NULL,NULL,NULL,NULL,NULL),(553,'Omega - Nam 210.30.42.20.01.001',8900,8000,'Omega is a mid-range Swiss luxury watch brand, born in 1848. Outstanding with Automatic mechanical watches, Quartz batteries at mid-high-end prices. Luxurious, elegant design, high precision machine that is COSC certified. Power reserve 40 - 80 hours, battery life 2 - 4 years.','Nam',1,1,9,6,2,'c76b07bd0cab0a01af5c197b24aaae56',25,NULL,NULL,NULL,NULL,NULL),(554,'Omega - Nam 424.13.40.20.03.002 Size 39.5mm',6800,6000,'Omega is a mid-range Swiss luxury watch brand, born in 1848. Outstanding with Automatic mechanical watches, Quartz batteries at mid-high-end prices. Luxurious, elegant design, high precision machine that is COSC certified. Power reserve 40 - 80 hours, battery life 2 - 4 years.','Nam',1,1,9,5,2,'894b256fd7b6a0c0d391e8107b4d4ec9',25,NULL,NULL,NULL,NULL,NULL),(555,'Omega - Nam 231.20.39.21.55.001',8900,8000,'Omega is a mid-range Swiss luxury watch brand, born in 1848. Outstanding with Automatic mechanical watches, Quartz batteries at mid-high-end prices. Luxurious, elegant design, high precision machine that is COSC certified. Power reserve 40 - 80 hours, battery life 2 - 4 years.','Nam',1,1,9,6,2,'b520b57cd21a282cb4dcc0340969ac94',25,NULL,NULL,NULL,NULL,NULL),(556,'Omega - Nam 433.53.41.22.03.001',9000,8000,'Omega is a mid-range Swiss luxury watch brand, born in 1848. Outstanding with Automatic mechanical watches, Quartz batteries at mid-high-end prices. Luxurious, elegant design, high precision machine that is COSC certified. Power reserve 40 - 80 hours, battery life 2 - 4 years.','Nam',1,1,9,6,2,'53fbae0f2c95353be5adaf28076126e0',25,NULL,NULL,NULL,NULL,NULL),(557,'Omega - Nam 220.10.41.21.03.002',9000,8500,'Omega is a mid-range Swiss luxury watch brand, born in 1848. Outstanding with Automatic mechanical watches, Quartz batteries at mid-high-end prices. Luxurious, elegant design, high precision machine that is COSC certified. Power reserve 40 - 80 hours, battery life 2 - 4 years.','Nam',1,1,9,6,2,'73b554998abe0e3a122720eaa08b5f7b',25,NULL,NULL,NULL,NULL,NULL),(558,'Omega - Nam 231.13.42.21.03.001',11000,10000,'Omega is a mid-range Swiss luxury watch brand, born in 1848. Outstanding with Automatic mechanical watches, Quartz batteries at mid-high-end prices. Luxurious, elegant design, high precision machine that is COSC certified. Power reserve 40 - 80 hours, battery life 2 - 4 years.','Nam',1,1,9,6,2,'ffb56813575664b5c53f6651123557e1',25,NULL,NULL,NULL,NULL,NULL),(559,'Omega - Nam 210.30.42.20.03.001',12000,11300,'Omega is a mid-range Swiss luxury watch brand, born in 1848. Outstanding with Automatic mechanical watches, Quartz batteries at mid-high-end prices. Luxurious, elegant design, high precision machine that is COSC certified. Power reserve 40 - 80 hours, battery life 2 - 4 years.','Nam',1,1,9,6,2,'e58a1ec9e216d42bec3508a773a7c112',25,NULL,NULL,NULL,NULL,NULL),(561,'Omega - Nam 231.20.42.21.08.001',10000,9200,'Omega is a mid-range Swiss luxury watch brand, born in 1848. Outstanding with Automatic mechanical watches, Quartz batteries at mid-high-end prices. Luxurious, elegant design, high precision machine that is COSC certified. Power reserve 40 - 80 hours, battery life 2 - 4 years.','Nam',1,1,9,6,2,'b944023cb2cf3111f3f3317781c85974',0,NULL,NULL,NULL,NULL,NULL),(562,'Omega - Nam 231.20.39.21.55.003',12000,11200,'Omega is a mid-range Swiss luxury watch brand, born in 1848. Outstanding with Automatic mechanical watches, Quartz batteries at mid-high-end prices. Luxurious, elegant design, high precision machine that is COSC certified. Power reserve 40 - 80 hours, battery life 2 - 4 years.','Nam',1,1,9,6,2,'56a5a818484c5d10bddf9b93ef8d3086',72,NULL,NULL,NULL,NULL,NULL),(563,'Omega - Nam 231.20.42.21.08.001',10500,10000,'Omega is a mid-range Swiss luxury watch brand, born in 1848. Outstanding with Automatic mechanical watches, Quartz batteries at mid-high-end prices. Luxurious, elegant design, high precision machine that is COSC certified. Power reserve 40 - 80 hours, battery life 2 - 4 years.','Nam',1,1,9,6,2,'c2a0f961fa11fa37eaa6ad9abf534198',20,NULL,NULL,NULL,NULL,NULL),(564,'Omega - Nam 424.20.40.20.08.001',9495,9000,'Omega is a mid-range Swiss luxury watch brand, born in 1848. Outstanding with Automatic mechanical watches, Quartz batteries at mid-high-end prices. Luxurious, elegant design, high precision machine that is COSC certified. Power reserve 40 - 80 hours, battery life 2 - 4 years.','Nam',1,1,9,6,2,'dca386c240cf1bb1f3d543e435c4809a',20,NULL,NULL,NULL,NULL,NULL),(565,'Omega - Nữ 123.18.35.60.52.001',9800,9000,'Omega is a mid-range Swiss luxury watch brand, born in 1848. Outstanding with Automatic mechanical watches, Quartz batteries at mid-high-end prices. Luxurious, elegant design, high precision machine that is COSC certified. Power reserve 40 - 80 hours, battery life 2 - 4 years.','Nữ',1,1,9,3,2,'6b383af45c36cbbc3b734dc88f9ce4c1',30,NULL,NULL,NULL,NULL,NULL),(566,'Omega - Nam 210.22.42.20.03.001',12000,10000,'Omega is a mid-range Swiss luxury watch brand, born in 1848. Outstanding with Automatic mechanical watches, Quartz batteries at mid-high-end prices. Luxurious, elegant design, high precision machine that is COSC certified. Power reserve 40 - 80 hours, battery life 2 - 4 years.','Nam',1,1,9,6,2,'374fa4741fe642a365fce40ac64f6775',90,NULL,NULL,NULL,NULL,NULL),(567,'Omega - Nam 231.20.42.21.08.001',100,50,'Omega is a mid-range Swiss luxury watch brand, born in 1848. Outstanding with Automatic mechanical watches, Quartz batteries at mid-high-end prices. Luxurious, elegant design, high precision machine that is COSC certified. Power reserve 40 - 80 hours, battery life 2 - 4 years.','Nam',2,2,9,4,2,'bad8435728bd5e5d15322c113f65c89f',20,NULL,NULL,NULL,NULL,NULL);
/*!40000 ALTER TABLE `sanpham` ENABLE KEYS */;
UNLOCK TABLES;

--
-- Table structure for table `taikhoan`
--

DROP TABLE IF EXISTS `taikhoan`;
/*!40101 SET @saved_cs_client     = @@character_set_client */;
/*!50503 SET character_set_client = utf8mb4 */;
CREATE TABLE `taikhoan` (
  `idtaikhoan` int NOT NULL AUTO_INCREMENT,
  `taikhoanten` varchar(255) DEFAULT NULL,
  `matkhau` varchar(45) DEFAULT NULL,
  `taikhoanvaitro` varchar(45) DEFAULT NULL,
  `idkhachhang` int DEFAULT NULL,
  `idquantrivien` int DEFAULT NULL,
  PRIMARY KEY (`idtaikhoan`),
  KEY `fk_tkqtv_idx` (`idquantrivien`),
  KEY `fk_kh_idx` (`idkhachhang`),
  CONSTRAINT `fk_kh` FOREIGN KEY (`idkhachhang`) REFERENCES `khachhang` (`idkhachhang`),
  CONSTRAINT `fk_tkqtv` FOREIGN KEY (`idquantrivien`) REFERENCES `quantrivien` (`idquantrivien`)
) ENGINE=InnoDB AUTO_INCREMENT=18 DEFAULT CHARSET=utf8mb3;
/*!40101 SET character_set_client = @saved_cs_client */;

--
-- Dumping data for table `taikhoan`
--

LOCK TABLES `taikhoan` WRITE;
/*!40000 ALTER TABLE `taikhoan` DISABLE KEYS */;
INSERT INTO `taikhoan` VALUES (6,'admin','admin','1',1,1),(12,'thanhphu','726802','2',15,NULL),(13,'ngochan','726802','2',16,NULL),(14,'thanhcong','123456','2',17,NULL),(15,'kimdang','726802','2',18,NULL),(16,'thanhphu123','726802','2',19,NULL),(17,'ngochan72','726802','2',20,NULL);
/*!40000 ALTER TABLE `taikhoan` ENABLE KEYS */;
UNLOCK TABLES;

--
-- Table structure for table `thongke`
--

DROP TABLE IF EXISTS `thongke`;
/*!40101 SET @saved_cs_client     = @@character_set_client */;
/*!50503 SET character_set_client = utf8mb4 */;
CREATE TABLE `thongke` (
  `idthongke` int NOT NULL AUTO_INCREMENT,
  `spdaban` int DEFAULT NULL,
  `doanhthu` float DEFAULT NULL,
  `loinhuan` float DEFAULT NULL,
  PRIMARY KEY (`idthongke`)
) ENGINE=InnoDB AUTO_INCREMENT=2 DEFAULT CHARSET=utf8mb3;
/*!40101 SET character_set_client = @saved_cs_client */;

--
-- Dumping data for table `thongke`
--

LOCK TABLES `thongke` WRITE;
/*!40000 ALTER TABLE `thongke` DISABLE KEYS */;
INSERT INTO `thongke` VALUES (1,8,NULL,NULL);
/*!40000 ALTER TABLE `thongke` ENABLE KEYS */;
UNLOCK TABLES;

--
-- Table structure for table `thuonghieu`
--

DROP TABLE IF EXISTS `thuonghieu`;
/*!40101 SET @saved_cs_client     = @@character_set_client */;
/*!50503 SET character_set_client = utf8mb4 */;
CREATE TABLE `thuonghieu` (
  `idthuonghieu` int NOT NULL,
  `thuonghieuten` varchar(255) DEFAULT NULL,
  `thuonghieuhinhanh` varchar(255) DEFAULT NULL,
  PRIMARY KEY (`idthuonghieu`)
) ENGINE=InnoDB DEFAULT CHARSET=utf8mb3;
/*!40101 SET character_set_client = @saved_cs_client */;

--
-- Dumping data for table `thuonghieu`
--

LOCK TABLES `thuonghieu` WRITE;
/*!40000 ALTER TABLE `thuonghieu` DISABLE KEYS */;
INSERT INTO `thuonghieu` VALUES (1,'Casio','https://wscdn.vn/upload/image/CS.webp'),(2,'G-Shock','https://wscdn.vn/upload/image/GK.webp'),(3,'Hublot','https://wscdn.vn/upload/image/HB.webp'),(4,'Seiko','https://wscdn.vn/upload/image/logo-seiko.webp'),(5,'Tissot','https://wscdn.vn/upload/image/logo-Tissot.webp'),(6,'Citizen','https://wscdn.vn/upload/image/CT.webp'),(7,'Certina','https://wscdn.vn/upload/image/CA.webp'),(8,'Daniel Klein','https://wscdn.vn/upload/image/DK.webp'),(9,'Omega','https://wscdn.vn/upload/image/OM.webp'),(10,'Orient','https://wscdn.vn/upload/image/OV.webp'),(11,'Longines','https://wscdn.vn/upload/image/LG.webp'),(12,'Bentley','https://wscdn.vn/upload/image/BL.webp');
/*!40000 ALTER TABLE `thuonghieu` ENABLE KEYS */;
UNLOCK TABLES;

--
-- Table structure for table `trangthai`
--

DROP TABLE IF EXISTS `trangthai`;
/*!40101 SET @saved_cs_client     = @@character_set_client */;
/*!50503 SET character_set_client = utf8mb4 */;
CREATE TABLE `trangthai` (
  `idtrangthai` int NOT NULL AUTO_INCREMENT,
  `trangthai` varchar(255) DEFAULT NULL,
  `trangthaicolor` varchar(45) DEFAULT NULL,
  `trangthaibg` varchar(45) DEFAULT NULL,
  PRIMARY KEY (`idtrangthai`)
) ENGINE=InnoDB AUTO_INCREMENT=6 DEFAULT CHARSET=utf8mb3;
/*!40101 SET character_set_client = @saved_cs_client */;

--
-- Dumping data for table `trangthai`
--

LOCK TABLES `trangthai` WRITE;
/*!40000 ALTER TABLE `trangthai` DISABLE KEYS */;
INSERT INTO `trangthai` VALUES (1,'Processing','rgb(255, 205, 78)','rgb(255 238 193)'),(2,'Pending','rgb(78, 151, 253)','rgb(219, 240, 254)'),(3,'Delivering','rgb(255 67 171)','rgb(249 231 241)'),(4,'Delivered','rgb(51, 208, 103)','rgb(231, 249, 237)'),(5,'Cancelled','rgb(255 29 66)','rgb(255 212 212)');
/*!40000 ALTER TABLE `trangthai` ENABLE KEYS */;
UNLOCK TABLES;
/*!40103 SET TIME_ZONE=@OLD_TIME_ZONE */;

/*!40101 SET SQL_MODE=@OLD_SQL_MODE */;
/*!40014 SET FOREIGN_KEY_CHECKS=@OLD_FOREIGN_KEY_CHECKS */;
/*!40014 SET UNIQUE_CHECKS=@OLD_UNIQUE_CHECKS */;
/*!40101 SET CHARACTER_SET_CLIENT=@OLD_CHARACTER_SET_CLIENT */;
/*!40101 SET CHARACTER_SET_RESULTS=@OLD_CHARACTER_SET_RESULTS */;
/*!40101 SET COLLATION_CONNECTION=@OLD_COLLATION_CONNECTION */;
/*!40111 SET SQL_NOTES=@OLD_SQL_NOTES */;

-- Dump completed on 2024-05-08 19:36:30
